Config: .\ce_gpr_train.ads.json
{
  "seed": 42,
  "device": "cpu",
  "dtype": "float64",
  "dataset": {
    "db_path": "datasets/ads.db",
    "target_y": "e_ads_total"
  },
  "test_dataset": {
    "db_path": null,
    "target_y": "e_ads_total"
  },
  "descriptor": {
    "elements": [
      "C",
      "Pt",
      "Pd"
    ],
    "max_order": 2,
    "mindist": 1.1500000000000004,
    "shells": [
      0.0,
      1.562,
      1.7933,
      2.1522,
      2.5951,
      2.7788,
      2.9453,
      3.2142,
      3.4106,
      3.5189,
      3.624,
      3.8044,
      4.0427,
      4.4895,
      4.939,
      5.0517,
      5.2672,
      5.508,
      6.011
    ],
    "atom_indices": {
      "source": "carbon_atoms",
      "aggregate": false
    }
  },
  "model": {
    "M": 450,
    "div": 0.01,
    "init_lengthscale": "auto",
    "init_sigma2": 0.001,
    "init_outputscale": 1.0,
    "jitter": 1e-10,
    "mean_function": "linear"
  },
  "training": {
    "method": "kfold_lbfgs",
    "select_by_rmse_per_co": true,
    "lbfgs": {
      "n_steps": 1000,
      "max_iter": 20,
      "lr": 0.1,
      "early_stop_patience": 20,
      "loss_tol": 0.5
    },
    "kfold": {
      "n_splits": 5,
      "shuffle": true,
      "seed": 42
    }
  },
  "output": {
    "dir": "models/ads",
    "model_filename": "model.pt",
    "plot_filename": "accuracy.pdf"
  }
}

Loading dataset:
  804 structures from 'datasets/ads.db' (target_y='e_ads_total')
Loaded 804 structures total
mindist = 1.1500 A, shells = (0.0, 1.562, 1.7933, 2.1522, 2.5951, 2.7788, 2.9453, 3.2142, 3.4106, 3.5189, 3.624, 3.8044, 4.0427, 4.4895, 4.939, 5.0517, 5.2672, 5.508, 6.011)
atom_indices: source='carbon_atoms', aggregate=False
Descriptor mask fitted: kept 23/111 features (removed 72 always-zero, 16 linearly-dependent).
Descriptor dim (after masking): 23
train: 804 structures (full dataset, no split - K-fold builds its own train/valid split per fold)
test: none yet (test_dataset.db_path is a stub) - K-fold rmse_test and the plot's Test trace will be skipped.

init_lengthscale (auto, per-dim std): [0.3134, 0.115, 0.7635, 1.4262, 1.5569, 0.8291, 1.5965, 1.3768, 1.2176, 0.9137, 0.7999, 1.0603, 1.4889, 1.9292, 1.9248, 2.0907, 2.4923, 1.1678, 1.8082, 2.87, 1.3057, 3.3065, 2.96]
Selected 191 inducing points out of 450
Model: M=191 inducing points, D=23


Fold 1/5
LBFGS step 1/1000 Loss: 711984.234646 RMSE train: 0.100418 RMSE valid: 0.890054 best RMSE valid/CO: 0.324136
LBFGS step 2/1000 Loss: 1579.488632 RMSE train: 0.081519 RMSE valid: 0.777910 best RMSE valid/CO: 0.320741
LBFGS step 3/1000 Loss: 371.002158 RMSE train: 0.068543 RMSE valid: 0.682766 best RMSE valid/CO: 0.205000
LBFGS step 4/1000 Loss: -328.760864 RMSE train: 0.064165 RMSE valid: 0.628680 best RMSE valid/CO: 0.142598
LBFGS step 5/1000 Loss: -537.456636 RMSE train: 0.063590 RMSE valid: 0.650693 best RMSE valid/CO: 0.142598
LBFGS step 6/1000 Loss: -603.769068 RMSE train: 0.064931 RMSE valid: 0.621720 best RMSE valid/CO: 0.142598
LBFGS step 7/1000 Loss: -678.694177 RMSE train: 0.067364 RMSE valid: 0.600303 best RMSE valid/CO: 0.142598
LBFGS step 8/1000 Loss: -847.811569 RMSE train: 0.062337 RMSE valid: 0.424422 best RMSE valid/CO: 0.098597
LBFGS step 9/1000 Loss: -1001.824740 RMSE train: 0.057063 RMSE valid: 0.390566 best RMSE valid/CO: 0.098597
LBFGS step 10/1000 Loss: -1041.990853 RMSE train: 0.055739 RMSE valid: 0.384185 best RMSE valid/CO: 0.098597
LBFGS step 11/1000 Loss: -1051.675007 RMSE train: 0.055713 RMSE valid: 0.395466 best RMSE valid/CO: 0.098597
LBFGS step 12/1000 Loss: -1053.726873 RMSE train: 0.055629 RMSE valid: 0.416670 best RMSE valid/CO: 0.098597
LBFGS step 13/1000 Loss: -1056.400209 RMSE train: 0.055103 RMSE valid: 0.417042 best RMSE valid/CO: 0.098597
LBFGS step 14/1000 Loss: -1061.572445 RMSE train: 0.054601 RMSE valid: 0.383558 best RMSE valid/CO: 0.098597
LBFGS step 15/1000 Loss: -1066.942132 RMSE train: 0.053700 RMSE valid: 0.401770 best RMSE valid/CO: 0.098597
LBFGS step 16/1000 Loss: -1071.837704 RMSE train: 0.052079 RMSE valid: 0.383559 best RMSE valid/CO: 0.098597
LBFGS step 17/1000 Loss: -1083.329433 RMSE train: 0.049553 RMSE valid: 0.376484 best RMSE valid/CO: 0.098597
LBFGS step 18/1000 Loss: -1106.860456 RMSE train: 0.044670 RMSE valid: 0.320836 best RMSE valid/CO: 0.094327
LBFGS step 19/1000 Loss: -1153.870808 RMSE train: 0.042748 RMSE valid: 0.273559 best RMSE valid/CO: 0.083064
LBFGS step 20/1000 Loss: -1181.727982 RMSE train: 0.041169 RMSE valid: 0.240053 best RMSE valid/CO: 0.064887
LBFGS step 21/1000 Loss: -1202.995040 RMSE train: 0.039847 RMSE valid: 0.228246 best RMSE valid/CO: 0.049982
LBFGS step 22/1000 Loss: -1225.919750 RMSE train: 0.039156 RMSE valid: 0.155906 best RMSE valid/CO: 0.034948
LBFGS step 23/1000 Loss: -1252.020436 RMSE train: 0.034522 RMSE valid: 0.081138 best RMSE valid/CO: 0.027344
LBFGS step 24/1000 Loss: -1427.571060 RMSE train: 0.030929 RMSE valid: 0.071231 best RMSE valid/CO: 0.023525
LBFGS step 25/1000 Loss: -1524.259011 RMSE train: 0.030651 RMSE valid: 0.070867 best RMSE valid/CO: 0.023392
LBFGS step 26/1000 Loss: -1537.244973 RMSE train: 0.030465 RMSE valid: 0.067707 best RMSE valid/CO: 0.022868
LBFGS step 27/1000 Loss: -1541.589964 RMSE train: 0.030280 RMSE valid: 0.067707 best RMSE valid/CO: 0.022720
LBFGS step 28/1000 Loss: -1544.780987 RMSE train: 0.030129 RMSE valid: 0.066021 best RMSE valid/CO: 0.022343
LBFGS step 29/1000 Loss: -1550.187451 RMSE train: 0.030046 RMSE valid: 0.065822 best RMSE valid/CO: 0.022343
LBFGS step 30/1000 Loss: -1551.664675 RMSE train: 0.030031 RMSE valid: 0.065599 best RMSE valid/CO: 0.022201
LBFGS step 31/1000 Loss: -1552.118523 RMSE train: 0.029836 RMSE valid: 0.066634 best RMSE valid/CO: 0.022201
LBFGS step 32/1000 Loss: -1555.266631 RMSE train: 0.028481 RMSE valid: 0.063450 best RMSE valid/CO: 0.021957
LBFGS step 33/1000 Loss: -1571.903006 RMSE train: 0.027949 RMSE valid: 0.058518 best RMSE valid/CO: 0.021283
LBFGS step 34/1000 Loss: -1577.655892 RMSE train: 0.026736 RMSE valid: 0.057306 best RMSE valid/CO: 0.020560
LBFGS step 35/1000 Loss: -1585.713393 RMSE train: 0.026792 RMSE valid: 0.058735 best RMSE valid/CO: 0.020560
LBFGS step 36/1000 Loss: -1592.212690 RMSE train: 0.026882 RMSE valid: 0.058002 best RMSE valid/CO: 0.020560
LBFGS step 37/1000 Loss: -1598.726243 RMSE train: 0.026799 RMSE valid: 0.057318 best RMSE valid/CO: 0.020434
LBFGS step 38/1000 Loss: -1600.024023 RMSE train: 0.026311 RMSE valid: 0.054892 best RMSE valid/CO: 0.020434
LBFGS step 39/1000 Loss: -1608.410317 RMSE train: 0.025456 RMSE valid: 0.051977 best RMSE valid/CO: 0.019041
LBFGS step 40/1000 Loss: -1619.305423 RMSE train: 0.024622 RMSE valid: 0.049530 best RMSE valid/CO: 0.018099
LBFGS step 41/1000 Loss: -1627.768139 RMSE train: 0.024254 RMSE valid: 0.047461 best RMSE valid/CO: 0.017574
LBFGS step 42/1000 Loss: -1632.693892 RMSE train: 0.022276 RMSE valid: 0.050327 best RMSE valid/CO: 0.016336
LBFGS step 43/1000 Loss: -1655.976534 RMSE train: 0.022139 RMSE valid: 0.051975 best RMSE valid/CO: 0.016336
LBFGS step 44/1000 Loss: -1658.710514 RMSE train: 0.022077 RMSE valid: 0.052604 best RMSE valid/CO: 0.016094
LBFGS step 45/1000 Loss: -1666.286599 RMSE train: 0.022031 RMSE valid: 0.054153 best RMSE valid/CO: 0.016094
LBFGS step 46/1000 Loss: -1679.074899 RMSE train: 0.022014 RMSE valid: 0.053498 best RMSE valid/CO: 0.016094
LBFGS step 47/1000 Loss: -1681.088800 RMSE train: 0.022220 RMSE valid: 0.050908 best RMSE valid/CO: 0.015905
LBFGS step 48/1000 Loss: -1687.738302 RMSE train: 0.022110 RMSE valid: 0.049747 best RMSE valid/CO: 0.015905
LBFGS step 49/1000 Loss: -1691.705475 RMSE train: 0.021591 RMSE valid: 0.050237 best RMSE valid/CO: 0.015894
LBFGS step 50/1000 Loss: -1704.724119 RMSE train: 0.021124 RMSE valid: 0.045950 best RMSE valid/CO: 0.015651
LBFGS step 51/1000 Loss: -1718.750234 RMSE train: 0.021041 RMSE valid: 0.044990 best RMSE valid/CO: 0.015390
LBFGS step 52/1000 Loss: -1726.445654 RMSE train: 0.020991 RMSE valid: 0.042107 best RMSE valid/CO: 0.015120
LBFGS step 53/1000 Loss: -1733.073976 RMSE train: 0.021109 RMSE valid: 0.040297 best RMSE valid/CO: 0.014877
LBFGS step 54/1000 Loss: -1737.069300 RMSE train: 0.021584 RMSE valid: 0.037953 best RMSE valid/CO: 0.014799
LBFGS step 55/1000 Loss: -1743.944292 RMSE train: 0.021754 RMSE valid: 0.038433 best RMSE valid/CO: 0.014799
LBFGS step 56/1000 Loss: -1751.905821 RMSE train: 0.021804 RMSE valid: 0.036982 best RMSE valid/CO: 0.014799
LBFGS step 57/1000 Loss: -1756.640732 RMSE train: 0.021782 RMSE valid: 0.036183 best RMSE valid/CO: 0.014799
LBFGS step 58/1000 Loss: -1760.518757 RMSE train: 0.021704 RMSE valid: 0.036778 best RMSE valid/CO: 0.014684
LBFGS step 59/1000 Loss: -1763.462916 RMSE train: 0.021187 RMSE valid: 0.037064 best RMSE valid/CO: 0.014504
LBFGS step 60/1000 Loss: -1768.529679 RMSE train: 0.020878 RMSE valid: 0.036783 best RMSE valid/CO: 0.014371
LBFGS step 61/1000 Loss: -1771.123370 RMSE train: 0.020582 RMSE valid: 0.037141 best RMSE valid/CO: 0.014355
LBFGS step 62/1000 Loss: -1774.166783 RMSE train: 0.020582 RMSE valid: 0.036900 best RMSE valid/CO: 0.014347
LBFGS step 63/1000 Loss: -1774.345703 RMSE train: 0.019966 RMSE valid: 0.039522 best RMSE valid/CO: 0.014347
LBFGS step 64/1000 Loss: -1780.122665 RMSE train: 0.019626 RMSE valid: 0.041709 best RMSE valid/CO: 0.014347
LBFGS step 65/1000 Loss: -1783.727952 RMSE train: 0.019637 RMSE valid: 0.041450 best RMSE valid/CO: 0.014347
LBFGS step 66/1000 Loss: -1784.252431 RMSE train: 0.019497 RMSE valid: 0.041249 best RMSE valid/CO: 0.014347
LBFGS step 67/1000 Loss: -1785.850317 RMSE train: 0.019489 RMSE valid: 0.040927 best RMSE valid/CO: 0.014347
LBFGS step 68/1000 Loss: -1786.223121 RMSE train: 0.019418 RMSE valid: 0.040751 best RMSE valid/CO: 0.014347
LBFGS step 69/1000 Loss: -1787.219212 RMSE train: 0.019422 RMSE valid: 0.040845 best RMSE valid/CO: 0.014347
LBFGS step 70/1000 Loss: -1787.849237 RMSE train: 0.019537 RMSE valid: 0.040548 best RMSE valid/CO: 0.014347
LBFGS step 71/1000 Loss: -1789.244304 RMSE train: 0.019518 RMSE valid: 0.040317 best RMSE valid/CO: 0.014347
LBFGS step 72/1000 Loss: -1789.658564 RMSE train: 0.019463 RMSE valid: 0.040195 best RMSE valid/CO: 0.014347
LBFGS step 73/1000 Loss: -1790.748761 RMSE train: 0.019365 RMSE valid: 0.040522 best RMSE valid/CO: 0.014347
LBFGS step 74/1000 Loss: -1791.435392 RMSE train: 0.018985 RMSE valid: 0.039889 best RMSE valid/CO: 0.014347
LBFGS step 75/1000 Loss: -1794.023180 RMSE train: 0.018574 RMSE valid: 0.039923 best RMSE valid/CO: 0.014347
LBFGS step 76/1000 Loss: -1798.676528 RMSE train: 0.018377 RMSE valid: 0.039258 best RMSE valid/CO: 0.014347
LBFGS step 77/1000 Loss: -1801.544633 RMSE train: 0.018356 RMSE valid: 0.039272 best RMSE valid/CO: 0.014268
LBFGS step 78/1000 Loss: -1803.902661 RMSE train: 0.018397 RMSE valid: 0.039980 best RMSE valid/CO: 0.014268
LBFGS step 79/1000 Loss: -1807.246180 RMSE train: 0.018401 RMSE valid: 0.039742 best RMSE valid/CO: 0.014268
LBFGS step 80/1000 Loss: -1808.189434 RMSE train: 0.018300 RMSE valid: 0.039665 best RMSE valid/CO: 0.014256
LBFGS step 81/1000 Loss: -1808.872008 RMSE train: 0.018133 RMSE valid: 0.039663 best RMSE valid/CO: 0.014237
LBFGS step 82/1000 Loss: -1809.894108 RMSE train: 0.018068 RMSE valid: 0.039786 best RMSE valid/CO: 0.014213
LBFGS step 83/1000 Loss: -1810.863466 RMSE train: 0.017282 RMSE valid: 0.041781 best RMSE valid/CO: 0.014213
LBFGS step 84/1000 Loss: -1822.872016 RMSE train: 0.017252 RMSE valid: 0.040950 best RMSE valid/CO: 0.014213
LBFGS step 85/1000 Loss: -1825.282221 RMSE train: 0.017250 RMSE valid: 0.040386 best RMSE valid/CO: 0.014163
LBFGS step 86/1000 Loss: -1827.077373 RMSE train: 0.017300 RMSE valid: 0.039311 best RMSE valid/CO: 0.014100
LBFGS step 87/1000 Loss: -1832.121100 RMSE train: 0.017247 RMSE valid: 0.039619 best RMSE valid/CO: 0.014061
LBFGS step 88/1000 Loss: -1832.981257 RMSE train: 0.017166 RMSE valid: 0.037133 best RMSE valid/CO: 0.013952
LBFGS step 89/1000 Loss: -1836.851247 RMSE train: 0.017211 RMSE valid: 0.036588 best RMSE valid/CO: 0.013952
LBFGS step 90/1000 Loss: -1839.060477 RMSE train: 0.017238 RMSE valid: 0.036239 best RMSE valid/CO: 0.013952
LBFGS step 91/1000 Loss: -1840.265449 RMSE train: 0.017223 RMSE valid: 0.036543 best RMSE valid/CO: 0.013952
LBFGS step 92/1000 Loss: -1840.685200 RMSE train: 0.017194 RMSE valid: 0.036968 best RMSE valid/CO: 0.013952
LBFGS step 93/1000 Loss: -1841.375501 RMSE train: 0.017193 RMSE valid: 0.036761 best RMSE valid/CO: 0.013952
LBFGS step 94/1000 Loss: -1841.552612 RMSE train: 0.017143 RMSE valid: 0.036564 best RMSE valid/CO: 0.013952
LBFGS step 95/1000 Loss: -1841.925979 RMSE train: 0.016884 RMSE valid: 0.038510 best RMSE valid/CO: 0.013952
LBFGS step 96/1000 Loss: -1844.705723 RMSE train: 0.016705 RMSE valid: 0.037820 best RMSE valid/CO: 0.013952
LBFGS step 97/1000 Loss: -1847.123438 RMSE train: 0.016709 RMSE valid: 0.037653 best RMSE valid/CO: 0.013952
LBFGS step 98/1000 Loss: -1847.399837 RMSE train: 0.016685 RMSE valid: 0.037589 best RMSE valid/CO: 0.013949
LBFGS step 99/1000 Loss: -1847.999229 RMSE train: 0.016650 RMSE valid: 0.037703 best RMSE valid/CO: 0.013949
LBFGS step 100/1000 Loss: -1848.424911 RMSE train: 0.016612 RMSE valid: 0.037722 best RMSE valid/CO: 0.013949
LBFGS step 101/1000 Loss: -1848.876174 RMSE train: 0.016556 RMSE valid: 0.037674 best RMSE valid/CO: 0.013922
LBFGS step 102/1000 Loss: -1849.451518 RMSE train: 0.016544 RMSE valid: 0.037815 best RMSE valid/CO: 0.013921
LBFGS step 103/1000 Loss: -1849.693477 RMSE train: 0.016547 RMSE valid: 0.037996 best RMSE valid/CO: 0.013921
LBFGS step 104/1000 Loss: -1850.072650 RMSE train: 0.016578 RMSE valid: 0.037696 best RMSE valid/CO: 0.013921
LBFGS step 105/1000 Loss: -1850.437494 RMSE train: 0.016581 RMSE valid: 0.037710 best RMSE valid/CO: 0.013921
LBFGS step 106/1000 Loss: -1850.476903 RMSE train: 0.016580 RMSE valid: 0.037782 best RMSE valid/CO: 0.013921
LBFGS step 107/1000 Loss: -1850.514312 RMSE train: 0.016588 RMSE valid: 0.037741 best RMSE valid/CO: 0.013921
LBFGS step 108/1000 Loss: -1850.554558 RMSE train: 0.016565 RMSE valid: 0.037695 best RMSE valid/CO: 0.013921
LBFGS step 109/1000 Loss: -1850.698665 RMSE train: 0.016503 RMSE valid: 0.037800 best RMSE valid/CO: 0.013921
LBFGS step 110/1000 Loss: -1851.055593 RMSE train: 0.016462 RMSE valid: 0.037874 best RMSE valid/CO: 0.013921
LBFGS step 111/1000 Loss: -1851.335781 RMSE train: 0.016468 RMSE valid: 0.037894 best RMSE valid/CO: 0.013921
LBFGS step 112/1000 Loss: -1851.545034 RMSE train: 0.016481 RMSE valid: 0.037738 best RMSE valid/CO: 0.013921
LBFGS step 113/1000 Loss: -1851.658595 RMSE train: 0.016497 RMSE valid: 0.037742 best RMSE valid/CO: 0.013921
LBFGS step 114/1000 Loss: -1851.818226 RMSE train: 0.016478 RMSE valid: 0.037999 best RMSE valid/CO: 0.013921
LBFGS step 115/1000 Loss: -1852.086745 RMSE train: 0.016492 RMSE valid: 0.037908 best RMSE valid/CO: 0.013921
LBFGS step 116/1000 Loss: -1852.206117 RMSE train: 0.016502 RMSE valid: 0.037863 best RMSE valid/CO: 0.013921
LBFGS step 117/1000 Loss: -1852.515936 RMSE train: 0.016496 RMSE valid: 0.037745 best RMSE valid/CO: 0.013921
LBFGS step 118/1000 Loss: -1853.413232 RMSE train: 0.016462 RMSE valid: 0.038521 best RMSE valid/CO: 0.013921
LBFGS step 119/1000 Loss: -1854.111638 RMSE train: 0.016466 RMSE valid: 0.038652 best RMSE valid/CO: 0.013921
LBFGS step 120/1000 Loss: -1854.508159 RMSE train: 0.016464 RMSE valid: 0.038406 best RMSE valid/CO: 0.013921
LBFGS step 121/1000 Loss: -1855.332901 RMSE train: 0.016408 RMSE valid: 0.038721 best RMSE valid/CO: 0.013921
LBFGS step 122/1000 Loss: -1855.745064 RMSE train: 0.016391 RMSE valid: 0.038837 best RMSE valid/CO: 0.013921
LBFGS step 123/1000 Loss: -1856.096228 RMSE train: 0.016240 RMSE valid: 0.038628 best RMSE valid/CO: 0.013921
LBFGS step 124/1000 Loss: -1858.031268 RMSE train: 0.015918 RMSE valid: 0.039506 best RMSE valid/CO: 0.013921
LBFGS step 125/1000 Loss: -1860.789726 RMSE train: 0.015645 RMSE valid: 0.041346 best RMSE valid/CO: 0.013921
LBFGS step 126/1000 Loss: -1865.656682 RMSE train: 0.015520 RMSE valid: 0.041916 best RMSE valid/CO: 0.013921
LBFGS step 127/1000 Loss: -1872.723037 RMSE train: 0.015482 RMSE valid: 0.042467 best RMSE valid/CO: 0.013921
LBFGS step 128/1000 Loss: -1874.207654 RMSE train: 0.015469 RMSE valid: 0.042623 best RMSE valid/CO: 0.013921
LBFGS step 129/1000 Loss: -1875.207439 RMSE train: 0.015519 RMSE valid: 0.041884 best RMSE valid/CO: 0.013921
LBFGS step 130/1000 Loss: -1876.411563 RMSE train: 0.015539 RMSE valid: 0.041387 best RMSE valid/CO: 0.013921
LBFGS step 131/1000 Loss: -1877.249871 RMSE train: 0.015573 RMSE valid: 0.040883 best RMSE valid/CO: 0.013921
LBFGS step 132/1000 Loss: -1878.710277 RMSE train: 0.015538 RMSE valid: 0.040934 best RMSE valid/CO: 0.013921
LBFGS step 133/1000 Loss: -1879.039737 RMSE train: 0.015508 RMSE valid: 0.040748 best RMSE valid/CO: 0.013921
LBFGS step 134/1000 Loss: -1879.677532 RMSE train: 0.015496 RMSE valid: 0.040701 best RMSE valid/CO: 0.013921
LBFGS step 135/1000 Loss: -1879.787429 RMSE train: 0.015503 RMSE valid: 0.040678 best RMSE valid/CO: 0.013921
LBFGS step 136/1000 Loss: -1879.852148 RMSE train: 0.015504 RMSE valid: 0.040652 best RMSE valid/CO: 0.013921
LBFGS step 137/1000 Loss: -1879.896817 RMSE train: 0.015521 RMSE valid: 0.040459 best RMSE valid/CO: 0.013921
LBFGS step 138/1000 Loss: -1879.970956 RMSE train: 0.015544 RMSE valid: 0.040094 best RMSE valid/CO: 0.013921
LBFGS step 139/1000 Loss: -1880.093696 RMSE train: 0.015562 RMSE valid: 0.039812 best RMSE valid/CO: 0.013921
LBFGS step 140/1000 Loss: -1880.159989 RMSE train: 0.015563 RMSE valid: 0.039651 best RMSE valid/CO: 0.013921
LBFGS step 141/1000 Loss: -1880.229879 RMSE train: 0.015560 RMSE valid: 0.039652 best RMSE valid/CO: 0.013921
LBFGS step 142/1000 Loss: -1880.301226 RMSE train: 0.015570 RMSE valid: 0.039270 best RMSE valid/CO: 0.013921
LBFGS step 143/1000 Loss: -1880.412464 RMSE train: 0.015562 RMSE valid: 0.039187 best RMSE valid/CO: 0.013921
LBFGS step 144/1000 Loss: -1880.441676 RMSE train: 0.015566 RMSE valid: 0.039053 best RMSE valid/CO: 0.013921
LBFGS step 145/1000 Loss: -1880.505506 RMSE train: 0.015564 RMSE valid: 0.039036 best RMSE valid/CO: 0.013921
LBFGS step 146/1000 Loss: -1880.541418 RMSE train: 0.015549 RMSE valid: 0.039323 best RMSE valid/CO: 0.013921
LBFGS step 147/1000 Loss: -1880.641103 RMSE train: 0.015557 RMSE valid: 0.039302 best RMSE valid/CO: 0.013921
LBFGS step 148/1000 Loss: -1880.831241 RMSE train: 0.015554 RMSE valid: 0.039352 best RMSE valid/CO: 0.013921
LBFGS step 149/1000 Loss: -1880.862171 RMSE train: 0.015512 RMSE valid: 0.039589 best RMSE valid/CO: 0.013921
LBFGS step 150/1000 Loss: -1881.071775 RMSE train: 0.015478 RMSE valid: 0.039810 best RMSE valid/CO: 0.013921
LBFGS step 151/1000 Loss: -1881.169977 RMSE train: 0.015473 RMSE valid: 0.039703 best RMSE valid/CO: 0.013921
LBFGS step 152/1000 Loss: -1881.242195 RMSE train: 0.015444 RMSE valid: 0.040036 best RMSE valid/CO: 0.013921
LBFGS step 153/1000 Loss: -1881.614690 RMSE train: 0.015424 RMSE valid: 0.040580 best RMSE valid/CO: 0.013921
LBFGS step 154/1000 Loss: -1881.945256 RMSE train: 0.015425 RMSE valid: 0.040521 best RMSE valid/CO: 0.013921
LBFGS step 155/1000 Loss: -1882.038149 RMSE train: 0.015450 RMSE valid: 0.039968 best RMSE valid/CO: 0.013921
LBFGS step 156/1000 Loss: -1882.259200 RMSE train: 0.015431 RMSE valid: 0.039634 best RMSE valid/CO: 0.013921
LBFGS step 157/1000 Loss: -1882.824568 RMSE train: 0.015416 RMSE valid: 0.039791 best RMSE valid/CO: 0.013921
LBFGS step 158/1000 Loss: -1883.390801 RMSE train: 0.015278 RMSE valid: 0.036430 best RMSE valid/CO: 0.013921
LBFGS step 159/1000 Loss: -1887.466261 RMSE train: 0.015255 RMSE valid: 0.036252 best RMSE valid/CO: 0.013921
LBFGS step 160/1000 Loss: -1887.860474 RMSE train: 0.015143 RMSE valid: 0.036436 best RMSE valid/CO: 0.013921
LBFGS step 161/1000 Loss: -1889.168861 RMSE train: 0.015029 RMSE valid: 0.036370 best RMSE valid/CO: 0.013921
LBFGS step 162/1000 Loss: -1890.147159 RMSE train: 0.015021 RMSE valid: 0.036723 best RMSE valid/CO: 0.013921
LBFGS step 163/1000 Loss: -1890.505709 RMSE train: 0.015010 RMSE valid: 0.036791 best RMSE valid/CO: 0.013921
LBFGS step 164/1000 Loss: -1891.455914 RMSE train: 0.015022 RMSE valid: 0.036650 best RMSE valid/CO: 0.013921
LBFGS step 165/1000 Loss: -1891.622522 RMSE train: 0.015008 RMSE valid: 0.036907 best RMSE valid/CO: 0.013921
LBFGS step 166/1000 Loss: -1892.028712 RMSE train: 0.014940 RMSE valid: 0.037467 best RMSE valid/CO: 0.013921
LBFGS step 167/1000 Loss: -1892.442902 RMSE train: 0.014927 RMSE valid: 0.038059 best RMSE valid/CO: 0.013921
LBFGS step 168/1000 Loss: -1892.793407 RMSE train: 0.014915 RMSE valid: 0.038523 best RMSE valid/CO: 0.013921
LBFGS step 169/1000 Loss: -1893.212491 RMSE train: 0.014910 RMSE valid: 0.038937 best RMSE valid/CO: 0.013921
LBFGS step 170/1000 Loss: -1893.470629 RMSE train: 0.014911 RMSE valid: 0.038782 best RMSE valid/CO: 0.013921
LBFGS step 171/1000 Loss: -1893.908217 RMSE train: 0.014928 RMSE valid: 0.038223 best RMSE valid/CO: 0.013921
LBFGS step 172/1000 Loss: -1894.353107 RMSE train: 0.014940 RMSE valid: 0.037714 best RMSE valid/CO: 0.013921
LBFGS step 173/1000 Loss: -1894.906185 RMSE train: 0.014928 RMSE valid: 0.036967 best RMSE valid/CO: 0.013921
LBFGS step 174/1000 Loss: -1895.373092 RMSE train: 0.014922 RMSE valid: 0.037239 best RMSE valid/CO: 0.013921
LBFGS step 175/1000 Loss: -1895.480696 RMSE train: 0.014915 RMSE valid: 0.037320 best RMSE valid/CO: 0.013921
LBFGS step 176/1000 Loss: -1895.500099 RMSE train: 0.014898 RMSE valid: 0.037481 best RMSE valid/CO: 0.013921
LBFGS step 177/1000 Loss: -1895.556830 RMSE train: 0.014849 RMSE valid: 0.038008 best RMSE valid/CO: 0.013921
LBFGS step 178/1000 Loss: -1895.790101 RMSE train: 0.014791 RMSE valid: 0.038948 best RMSE valid/CO: 0.013921
LBFGS step 179/1000 Loss: -1896.033914 RMSE train: 0.014782 RMSE valid: 0.039278 best RMSE valid/CO: 0.013921
LBFGS step 180/1000 Loss: -1896.124885 RMSE train: 0.014807 RMSE valid: 0.039165 best RMSE valid/CO: 0.013921
LBFGS step 181/1000 Loss: -1896.309405 RMSE train: 0.014813 RMSE valid: 0.038990 best RMSE valid/CO: 0.013921
LBFGS step 182/1000 Loss: -1896.385756 RMSE train: 0.014842 RMSE valid: 0.038416 best RMSE valid/CO: 0.013921
LBFGS step 183/1000 Loss: -1896.482409 RMSE train: 0.014845 RMSE valid: 0.038400 best RMSE valid/CO: 0.013921
LBFGS step 184/1000 Loss: -1896.520726 RMSE train: 0.014847 RMSE valid: 0.038221 best RMSE valid/CO: 0.013921
LBFGS step 185/1000 Loss: -1896.547669 RMSE train: 0.014838 RMSE valid: 0.038284 best RMSE valid/CO: 0.013921
LBFGS step 186/1000 Loss: -1896.603671 RMSE train: 0.014831 RMSE valid: 0.038364 best RMSE valid/CO: 0.013921
LBFGS step 187/1000 Loss: -1896.613607 RMSE train: 0.014825 RMSE valid: 0.038716 best RMSE valid/CO: 0.013921
LBFGS step 188/1000 Loss: -1896.728653 RMSE train: 0.014846 RMSE valid: 0.038762 best RMSE valid/CO: 0.013921
LBFGS step 189/1000 Loss: -1896.840512 RMSE train: 0.014849 RMSE valid: 0.038553 best RMSE valid/CO: 0.013921
LBFGS step 190/1000 Loss: -1896.957270 RMSE train: 0.014851 RMSE valid: 0.038903 best RMSE valid/CO: 0.013921
LBFGS step 191/1000 Loss: -1897.185291 RMSE train: 0.014856 RMSE valid: 0.038752 best RMSE valid/CO: 0.013921
LBFGS step 192/1000 Loss: -1897.257287 RMSE train: 0.014809 RMSE valid: 0.038822 best RMSE valid/CO: 0.013921
LBFGS step 193/1000 Loss: -1897.504100 RMSE train: 0.014794 RMSE valid: 0.038773 best RMSE valid/CO: 0.013921
LBFGS step 194/1000 Loss: -1897.747303 RMSE train: 0.014792 RMSE valid: 0.038606 best RMSE valid/CO: 0.013921
LBFGS step 195/1000 Loss: -1898.367375 RMSE train: 0.014747 RMSE valid: 0.039148 best RMSE valid/CO: 0.013921
LBFGS step 196/1000 Loss: -1898.751246 RMSE train: 0.014724 RMSE valid: 0.039416 best RMSE valid/CO: 0.013921
LBFGS step 197/1000 Loss: -1898.906990 RMSE train: 0.014698 RMSE valid: 0.039911 best RMSE valid/CO: 0.013921
LBFGS step 198/1000 Loss: -1899.311064 RMSE train: 0.014694 RMSE valid: 0.039912 best RMSE valid/CO: 0.013921
LBFGS step 199/1000 Loss: -1899.373354 RMSE train: 0.014637 RMSE valid: 0.040163 best RMSE valid/CO: 0.013921
LBFGS step 200/1000 Loss: -1899.536997 RMSE train: 0.014629 RMSE valid: 0.040321 best RMSE valid/CO: 0.013921
LBFGS step 201/1000 Loss: -1899.611440 RMSE train: 0.014614 RMSE valid: 0.040475 best RMSE valid/CO: 0.013921
LBFGS step 202/1000 Loss: -1899.652134 RMSE train: 0.014590 RMSE valid: 0.040532 best RMSE valid/CO: 0.013921
LBFGS step 203/1000 Loss: -1899.740204 RMSE train: 0.014573 RMSE valid: 0.040786 best RMSE valid/CO: 0.013921
LBFGS step 204/1000 Loss: -1899.830768 RMSE train: 0.014578 RMSE valid: 0.040758 best RMSE valid/CO: 0.013921
LBFGS step 205/1000 Loss: -1899.853027 RMSE train: 0.014598 RMSE valid: 0.040563 best RMSE valid/CO: 0.013921
LBFGS step 206/1000 Loss: -1899.898957 RMSE train: 0.014608 RMSE valid: 0.040466 best RMSE valid/CO: 0.013921
LBFGS step 207/1000 Loss: -1899.947699 RMSE train: 0.014614 RMSE valid: 0.040304 best RMSE valid/CO: 0.013921
LBFGS step 208/1000 Loss: -1899.996256 RMSE train: 0.014619 RMSE valid: 0.040271 best RMSE valid/CO: 0.013921
LBFGS step 209/1000 Loss: -1900.013199 RMSE train: 0.014611 RMSE valid: 0.040186 best RMSE valid/CO: 0.013921
LBFGS step 210/1000 Loss: -1900.091928 RMSE train: 0.014598 RMSE valid: 0.040399 best RMSE valid/CO: 0.013921
LBFGS step 211/1000 Loss: -1900.126786 RMSE train: 0.014589 RMSE valid: 0.040581 best RMSE valid/CO: 0.013921
LBFGS step 212/1000 Loss: -1900.233656 RMSE train: 0.014581 RMSE valid: 0.040615 best RMSE valid/CO: 0.013921
LBFGS step 213/1000 Loss: -1900.263958 RMSE train: 0.014580 RMSE valid: 0.040796 best RMSE valid/CO: 0.013921
LBFGS step 214/1000 Loss: -1900.323030 RMSE train: 0.014584 RMSE valid: 0.040608 best RMSE valid/CO: 0.013921
LBFGS step 215/1000 Loss: -1900.358026 RMSE train: 0.014582 RMSE valid: 0.040660 best RMSE valid/CO: 0.013921
LBFGS step 216/1000 Loss: -1900.384040 RMSE train: 0.014579 RMSE valid: 0.040459 best RMSE valid/CO: 0.013921
LBFGS step 217/1000 Loss: -1900.431776 RMSE train: 0.014568 RMSE valid: 0.040486 best RMSE valid/CO: 0.013921
LBFGS step 218/1000 Loss: -1900.526097 RMSE train: 0.014559 RMSE valid: 0.040371 best RMSE valid/CO: 0.013921
LBFGS step 219/1000 Loss: -1900.561904 RMSE train: 0.014553 RMSE valid: 0.040437 best RMSE valid/CO: 0.013921
LBFGS step 220/1000 Loss: -1900.654645 RMSE train: 0.014555 RMSE valid: 0.040363 best RMSE valid/CO: 0.013921
LBFGS step 221/1000 Loss: -1900.697427 RMSE train: 0.014572 RMSE valid: 0.040457 best RMSE valid/CO: 0.013921
LBFGS step 222/1000 Loss: -1900.834893 RMSE train: 0.014571 RMSE valid: 0.040546 best RMSE valid/CO: 0.013921
LBFGS step 223/1000 Loss: -1900.888844 RMSE train: 0.014571 RMSE valid: 0.040486 best RMSE valid/CO: 0.013921
LBFGS step 224/1000 Loss: -1900.914978 RMSE train: 0.014601 RMSE valid: 0.039690 best RMSE valid/CO: 0.013921
LBFGS step 225/1000 Loss: -1901.393575 RMSE train: 0.014629 RMSE valid: 0.039486 best RMSE valid/CO: 0.013921
LBFGS step 226/1000 Loss: -1901.644474 RMSE train: 0.014580 RMSE valid: 0.039553 best RMSE valid/CO: 0.013921
LBFGS step 227/1000 Loss: -1901.982177 RMSE train: 0.014567 RMSE valid: 0.039369 best RMSE valid/CO: 0.013921
LBFGS step 228/1000 Loss: -1902.052158 RMSE train: 0.014503 RMSE valid: 0.039583 best RMSE valid/CO: 0.013921
LBFGS step 229/1000 Loss: -1902.251717 RMSE train: 0.014472 RMSE valid: 0.039487 best RMSE valid/CO: 0.013921
LBFGS step 230/1000 Loss: -1902.360364 RMSE train: 0.014453 RMSE valid: 0.039609 best RMSE valid/CO: 0.013921
LBFGS step 231/1000 Loss: -1902.444457 RMSE train: 0.014457 RMSE valid: 0.039409 best RMSE valid/CO: 0.013921
LBFGS step 232/1000 Loss: -1902.579891 RMSE train: 0.014465 RMSE valid: 0.039572 best RMSE valid/CO: 0.013921
LBFGS step 233/1000 Loss: -1902.657922 RMSE train: 0.014477 RMSE valid: 0.039367 best RMSE valid/CO: 0.013921
LBFGS step 234/1000 Loss: -1902.763394 RMSE train: 0.014474 RMSE valid: 0.039453 best RMSE valid/CO: 0.013921
LBFGS step 235/1000 Loss: -1902.794827 RMSE train: 0.014486 RMSE valid: 0.039339 best RMSE valid/CO: 0.013921
LBFGS step 236/1000 Loss: -1902.866507 RMSE train: 0.014490 RMSE valid: 0.039379 best RMSE valid/CO: 0.013921
LBFGS step 237/1000 Loss: -1902.920321 RMSE train: 0.014492 RMSE valid: 0.039322 best RMSE valid/CO: 0.013921
LBFGS step 238/1000 Loss: -1902.944953 RMSE train: 0.014499 RMSE valid: 0.039286 best RMSE valid/CO: 0.013921
LBFGS step 239/1000 Loss: -1902.967570 RMSE train: 0.014520 RMSE valid: 0.039088 best RMSE valid/CO: 0.013921
LBFGS step 240/1000 Loss: -1903.032645 RMSE train: 0.014527 RMSE valid: 0.039245 best RMSE valid/CO: 0.013921
LBFGS step 241/1000 Loss: -1903.083375 RMSE train: 0.014522 RMSE valid: 0.039235 best RMSE valid/CO: 0.013921
LBFGS step 242/1000 Loss: -1903.185913 RMSE train: 0.014514 RMSE valid: 0.039238 best RMSE valid/CO: 0.013921
LBFGS step 243/1000 Loss: -1903.236430 RMSE train: 0.014461 RMSE valid: 0.039596 best RMSE valid/CO: 0.013921
LBFGS step 244/1000 Loss: -1903.450140 RMSE train: 0.014449 RMSE valid: 0.039669 best RMSE valid/CO: 0.013921
LBFGS step 245/1000 Loss: -1903.476247 RMSE train: 0.014456 RMSE valid: 0.039629 best RMSE valid/CO: 0.013921
LBFGS step 246/1000 Loss: -1903.509838 RMSE train: 0.014458 RMSE valid: 0.039589 best RMSE valid/CO: 0.013921
LBFGS step 247/1000 Loss: -1903.525158 RMSE train: 0.014461 RMSE valid: 0.039682 best RMSE valid/CO: 0.013921
LBFGS step 248/1000 Loss: -1903.555203 RMSE train: 0.014457 RMSE valid: 0.039646 best RMSE valid/CO: 0.013921
LBFGS step 249/1000 Loss: -1903.576520 RMSE train: 0.014453 RMSE valid: 0.039708 best RMSE valid/CO: 0.013921
LBFGS step 250/1000 Loss: -1903.586803 RMSE train: 0.014441 RMSE valid: 0.039744 best RMSE valid/CO: 0.013921
LBFGS step 251/1000 Loss: -1903.603999 RMSE train: 0.014435 RMSE valid: 0.039797 best RMSE valid/CO: 0.013921
LBFGS step 252/1000 Loss: -1903.611369 RMSE train: 0.014430 RMSE valid: 0.039746 best RMSE valid/CO: 0.013921
LBFGS step 253/1000 Loss: -1903.621876 RMSE train: 0.014436 RMSE valid: 0.039754 best RMSE valid/CO: 0.013921
LBFGS step 254/1000 Loss: -1903.651278 RMSE train: 0.014434 RMSE valid: 0.039719 best RMSE valid/CO: 0.013921
LBFGS step 255/1000 Loss: -1903.660849 RMSE train: 0.014414 RMSE valid: 0.039665 best RMSE valid/CO: 0.013921
LBFGS step 256/1000 Loss: -1903.746354 RMSE train: 0.014387 RMSE valid: 0.039884 best RMSE valid/CO: 0.013921
LBFGS step 257/1000 Loss: -1903.839535 RMSE train: 0.014347 RMSE valid: 0.040091 best RMSE valid/CO: 0.013921
LBFGS step 258/1000 Loss: -1904.027599 RMSE train: 0.014326 RMSE valid: 0.040207 best RMSE valid/CO: 0.013921
LBFGS step 259/1000 Loss: -1904.094844 RMSE train: 0.014276 RMSE valid: 0.040250 best RMSE valid/CO: 0.013921
LBFGS step 260/1000 Loss: -1904.571972 RMSE train: 0.014238 RMSE valid: 0.040562 best RMSE valid/CO: 0.013921
LBFGS step 261/1000 Loss: -1904.861335 RMSE train: 0.014295 RMSE valid: 0.040051 best RMSE valid/CO: 0.013921
LBFGS step 262/1000 Loss: -1906.104515 RMSE train: 0.014311 RMSE valid: 0.039604 best RMSE valid/CO: 0.013921
LBFGS step 263/1000 Loss: -1906.440097 RMSE train: 0.014348 RMSE valid: 0.039333 best RMSE valid/CO: 0.013921
LBFGS step 264/1000 Loss: -1907.165747 RMSE train: 0.014298 RMSE valid: 0.038918 best RMSE valid/CO: 0.013921
LBFGS step 265/1000 Loss: -1907.590669 RMSE train: 0.014252 RMSE valid: 0.039206 best RMSE valid/CO: 0.013921
LBFGS step 266/1000 Loss: -1908.087341 RMSE train: 0.014206 RMSE valid: 0.039280 best RMSE valid/CO: 0.013921
LBFGS step 267/1000 Loss: -1908.248897 RMSE train: 0.014125 RMSE valid: 0.039240 best RMSE valid/CO: 0.013921
LBFGS step 268/1000 Loss: -1908.798951 RMSE train: 0.014138 RMSE valid: 0.039305 best RMSE valid/CO: 0.013921
LBFGS step 269/1000 Loss: -1908.933431 RMSE train: 0.014162 RMSE valid: 0.039101 best RMSE valid/CO: 0.013921
LBFGS step 270/1000 Loss: -1909.033395 RMSE train: 0.014154 RMSE valid: 0.039342 best RMSE valid/CO: 0.013921
LBFGS step 271/1000 Loss: -1909.083044 RMSE train: 0.014156 RMSE valid: 0.039429 best RMSE valid/CO: 0.013921
LBFGS step 272/1000 Loss: -1909.155694 RMSE train: 0.014149 RMSE valid: 0.039360 best RMSE valid/CO: 0.013921
LBFGS step 273/1000 Loss: -1909.193203 RMSE train: 0.014130 RMSE valid: 0.039575 best RMSE valid/CO: 0.013921
LBFGS step 274/1000 Loss: -1909.259439 RMSE train: 0.014122 RMSE valid: 0.039633 best RMSE valid/CO: 0.013921
LBFGS step 275/1000 Loss: -1909.289323 RMSE train: 0.014114 RMSE valid: 0.039709 best RMSE valid/CO: 0.013921
LBFGS step 276/1000 Loss: -1909.305961 RMSE train: 0.014108 RMSE valid: 0.039727 best RMSE valid/CO: 0.013921
LBFGS step 277/1000 Loss: -1909.365134 RMSE train: 0.014105 RMSE valid: 0.039664 best RMSE valid/CO: 0.013921
LBFGS step 278/1000 Loss: -1909.384098 RMSE train: 0.014111 RMSE valid: 0.039531 best RMSE valid/CO: 0.013921
LBFGS step 279/1000 Loss: -1909.522831 RMSE train: 0.014107 RMSE valid: 0.039326 best RMSE valid/CO: 0.013921
LBFGS step 280/1000 Loss: -1909.660775 RMSE train: 0.014104 RMSE valid: 0.039333 best RMSE valid/CO: 0.013921
LBFGS step 281/1000 Loss: -1909.767993 RMSE train: 0.014092 RMSE valid: 0.039102 best RMSE valid/CO: 0.013921
LBFGS step 282/1000 Loss: -1909.955528 RMSE train: 0.014064 RMSE valid: 0.039218 best RMSE valid/CO: 0.013921
LBFGS step 283/1000 Loss: -1910.293758 RMSE train: 0.013982 RMSE valid: 0.039266 best RMSE valid/CO: 0.013921
LBFGS step 284/1000 Loss: -1911.267051 RMSE train: 0.013961 RMSE valid: 0.039746 best RMSE valid/CO: 0.013921
LBFGS step 285/1000 Loss: -1911.586047 RMSE train: 0.013916 RMSE valid: 0.039634 best RMSE valid/CO: 0.013921
LBFGS step 286/1000 Loss: -1912.206620 RMSE train: 0.013936 RMSE valid: 0.039578 best RMSE valid/CO: 0.013921
LBFGS step 287/1000 Loss: -1912.839171 RMSE train: 0.013967 RMSE valid: 0.039446 best RMSE valid/CO: 0.013921
LBFGS step 288/1000 Loss: -1913.302949 RMSE train: 0.013971 RMSE valid: 0.039486 best RMSE valid/CO: 0.013921
LBFGS step 289/1000 Loss: -1913.376536 RMSE train: 0.013986 RMSE valid: 0.039238 best RMSE valid/CO: 0.013921
LBFGS step 290/1000 Loss: -1913.460281 RMSE train: 0.013972 RMSE valid: 0.039384 best RMSE valid/CO: 0.013921
LBFGS step 291/1000 Loss: -1913.592534 RMSE train: 0.013972 RMSE valid: 0.039418 best RMSE valid/CO: 0.013921
LBFGS step 292/1000 Loss: -1913.652147 RMSE train: 0.013965 RMSE valid: 0.039306 best RMSE valid/CO: 0.013921
LBFGS step 293/1000 Loss: -1913.729105 RMSE train: 0.013967 RMSE valid: 0.039501 best RMSE valid/CO: 0.013921
LBFGS step 294/1000 Loss: -1913.808044 RMSE train: 0.014015 RMSE valid: 0.039036 best RMSE valid/CO: 0.013921
LBFGS step 295/1000 Loss: -1914.097920 RMSE train: 0.014021 RMSE valid: 0.039118 best RMSE valid/CO: 0.013921
LBFGS step 296/1000 Loss: -1914.208176 RMSE train: 0.014032 RMSE valid: 0.039590 best RMSE valid/CO: 0.013921
LBFGS step 297/1000 Loss: -1914.437873 RMSE train: 0.014016 RMSE valid: 0.039665 best RMSE valid/CO: 0.013921
LBFGS step 298/1000 Loss: -1914.542400 RMSE train: 0.013972 RMSE valid: 0.039802 best RMSE valid/CO: 0.013921
LBFGS step 299/1000 Loss: -1914.637096 RMSE train: 0.013973 RMSE valid: 0.039743 best RMSE valid/CO: 0.013921
LBFGS step 300/1000 Loss: -1914.689214 RMSE train: 0.013967 RMSE valid: 0.039712 best RMSE valid/CO: 0.013921
LBFGS step 301/1000 Loss: -1914.718821 RMSE train: 0.013926 RMSE valid: 0.040138 best RMSE valid/CO: 0.013921
LBFGS step 302/1000 Loss: -1914.809479 RMSE train: 0.013896 RMSE valid: 0.040060 best RMSE valid/CO: 0.013921
LBFGS step 303/1000 Loss: -1914.928610 RMSE train: 0.013887 RMSE valid: 0.040104 best RMSE valid/CO: 0.013921
LBFGS step 304/1000 Loss: -1914.954832 RMSE train: 0.013885 RMSE valid: 0.040120 best RMSE valid/CO: 0.013921
LBFGS step 305/1000 Loss: -1915.004399 RMSE train: 0.013886 RMSE valid: 0.040029 best RMSE valid/CO: 0.013921
LBFGS step 306/1000 Loss: -1915.027257 RMSE train: 0.013881 RMSE valid: 0.040256 best RMSE valid/CO: 0.013921
LBFGS step 307/1000 Loss: -1915.220438 RMSE train: 0.013885 RMSE valid: 0.040199 best RMSE valid/CO: 0.013921
LBFGS step 308/1000 Loss: -1915.274034 RMSE train: 0.013914 RMSE valid: 0.040247 best RMSE valid/CO: 0.013921
LBFGS step 309/1000 Loss: -1915.347378 RMSE train: 0.013962 RMSE valid: 0.040015 best RMSE valid/CO: 0.013921
LBFGS step 310/1000 Loss: -1915.484235 RMSE train: 0.013993 RMSE valid: 0.040125 best RMSE valid/CO: 0.013921
LBFGS step 311/1000 Loss: -1915.590243 RMSE train: 0.014028 RMSE valid: 0.040057 best RMSE valid/CO: 0.013921
LBFGS step 312/1000 Loss: -1915.695257 RMSE train: 0.014017 RMSE valid: 0.039965 best RMSE valid/CO: 0.013921
LBFGS step 313/1000 Loss: -1915.787996 RMSE train: 0.013947 RMSE valid: 0.040238 best RMSE valid/CO: 0.013921
LBFGS step 314/1000 Loss: -1915.925913 RMSE train: 0.013930 RMSE valid: 0.040391 best RMSE valid/CO: 0.013921
LBFGS step 315/1000 Loss: -1915.951253 RMSE train: 0.013921 RMSE valid: 0.040385 best RMSE valid/CO: 0.013921
LBFGS step 316/1000 Loss: -1916.029889 RMSE train: 0.013915 RMSE valid: 0.040484 best RMSE valid/CO: 0.013921
LBFGS step 317/1000 Loss: -1916.060056 RMSE train: 0.013921 RMSE valid: 0.040512 best RMSE valid/CO: 0.013921
LBFGS step 318/1000 Loss: -1916.088852 RMSE train: 0.013934 RMSE valid: 0.040403 best RMSE valid/CO: 0.013921
LBFGS step 319/1000 Loss: -1916.104901 RMSE train: 0.013920 RMSE valid: 0.040403 best RMSE valid/CO: 0.013921
LBFGS step 320/1000 Loss: -1916.126435 RMSE train: 0.013914 RMSE valid: 0.040441 best RMSE valid/CO: 0.013921
LBFGS step 321/1000 Loss: -1916.143049 RMSE train: 0.013906 RMSE valid: 0.040483 best RMSE valid/CO: 0.013921
LBFGS step 322/1000 Loss: -1916.234440 RMSE train: 0.013882 RMSE valid: 0.039863 best RMSE valid/CO: 0.013921
LBFGS step 323/1000 Loss: -1916.475603 RMSE train: 0.013874 RMSE valid: 0.039479 best RMSE valid/CO: 0.013921
LBFGS step 324/1000 Loss: -1916.598460 RMSE train: 0.013825 RMSE valid: 0.039347 best RMSE valid/CO: 0.013921
LBFGS step 325/1000 Loss: -1916.755205 RMSE train: 0.013829 RMSE valid: 0.039310 best RMSE valid/CO: 0.013921
LBFGS step 326/1000 Loss: -1916.793215 RMSE train: 0.013919 RMSE valid: 0.037981 best RMSE valid/CO: 0.013921
LBFGS step 327/1000 Loss: -1917.172911 RMSE train: 0.013931 RMSE valid: 0.038053 best RMSE valid/CO: 0.013921
LBFGS step 328/1000 Loss: -1917.229219 RMSE train: 0.013946 RMSE valid: 0.037668 best RMSE valid/CO: 0.013921
LBFGS step 329/1000 Loss: -1917.254548 RMSE train: 0.013905 RMSE valid: 0.037776 best RMSE valid/CO: 0.013921
LBFGS step 330/1000 Loss: -1917.339700 RMSE train: 0.013908 RMSE valid: 0.037832 best RMSE valid/CO: 0.013921
LBFGS step 331/1000 Loss: -1917.360236 RMSE train: 0.013880 RMSE valid: 0.037784 best RMSE valid/CO: 0.013921
LBFGS step 332/1000 Loss: -1917.417841 RMSE train: 0.013846 RMSE valid: 0.038048 best RMSE valid/CO: 0.013921
LBFGS step 333/1000 Loss: -1917.480071 RMSE train: 0.013853 RMSE valid: 0.038206 best RMSE valid/CO: 0.013921
LBFGS step 334/1000 Loss: -1917.552470 RMSE train: 0.013852 RMSE valid: 0.038044 best RMSE valid/CO: 0.013921
LBFGS step 335/1000 Loss: -1917.759640 RMSE train: 0.013799 RMSE valid: 0.038473 best RMSE valid/CO: 0.013921
LBFGS step 336/1000 Loss: -1917.960695 RMSE train: 0.013781 RMSE valid: 0.038498 best RMSE valid/CO: 0.013921
LBFGS step 337/1000 Loss: -1918.053573 RMSE train: 0.013765 RMSE valid: 0.038877 best RMSE valid/CO: 0.013921
LBFGS step 338/1000 Loss: -1918.243120 RMSE train: 0.013765 RMSE valid: 0.038840 best RMSE valid/CO: 0.013921
LBFGS step 339/1000 Loss: -1918.307015 RMSE train: 0.013781 RMSE valid: 0.038980 best RMSE valid/CO: 0.013921
LBFGS step 340/1000 Loss: -1918.356854 RMSE train: 0.013814 RMSE valid: 0.038660 best RMSE valid/CO: 0.013921
LBFGS step 341/1000 Loss: -1918.529298 RMSE train: 0.013838 RMSE valid: 0.038618 best RMSE valid/CO: 0.013921
LBFGS step 342/1000 Loss: -1918.555012 RMSE train: 0.013860 RMSE valid: 0.038533 best RMSE valid/CO: 0.013921
LBFGS step 343/1000 Loss: -1918.582677 RMSE train: 0.013862 RMSE valid: 0.038493 best RMSE valid/CO: 0.013921
LBFGS step 344/1000 Loss: -1918.596840 RMSE train: 0.013862 RMSE valid: 0.038496 best RMSE valid/CO: 0.013921
LBFGS step 345/1000 Loss: -1918.599482 RMSE train: 0.013851 RMSE valid: 0.038493 best RMSE valid/CO: 0.013921
LBFGS step 346/1000 Loss: -1918.609228 RMSE train: 0.013852 RMSE valid: 0.038544 best RMSE valid/CO: 0.013921
LBFGS step 347/1000 Loss: -1918.612207 RMSE train: 0.013851 RMSE valid: 0.038528 best RMSE valid/CO: 0.013921
LBFGS step 348/1000 Loss: -1918.619742 RMSE train: 0.013852 RMSE valid: 0.038508 best RMSE valid/CO: 0.013921
LBFGS step 349/1000 Loss: -1918.621788 RMSE train: 0.013856 RMSE valid: 0.038496 best RMSE valid/CO: 0.013921
LBFGS step 350/1000 Loss: -1918.627722 RMSE train: 0.013847 RMSE valid: 0.038595 best RMSE valid/CO: 0.013921
LBFGS step 351/1000 Loss: -1918.642687 RMSE train: 0.013850 RMSE valid: 0.038652 best RMSE valid/CO: 0.013921
LBFGS step 352/1000 Loss: -1918.655846 RMSE train: 0.013893 RMSE valid: 0.038471 best RMSE valid/CO: 0.013921
LBFGS step 353/1000 Loss: -1918.714394 RMSE train: 0.013906 RMSE valid: 0.038355 best RMSE valid/CO: 0.013921
LBFGS step 354/1000 Loss: -1918.728746 RMSE train: 0.013907 RMSE valid: 0.038202 best RMSE valid/CO: 0.013921
LBFGS step 355/1000 Loss: -1918.773079 RMSE train: 0.013909 RMSE valid: 0.038171 best RMSE valid/CO: 0.013921
LBFGS step 356/1000 Loss: -1918.791801 RMSE train: 0.013914 RMSE valid: 0.038162 best RMSE valid/CO: 0.013921
LBFGS step 357/1000 Loss: -1918.806780 RMSE train: 0.013922 RMSE valid: 0.038046 best RMSE valid/CO: 0.013921
LBFGS step 358/1000 Loss: -1918.816942 RMSE train: 0.013913 RMSE valid: 0.037999 best RMSE valid/CO: 0.013921
LBFGS step 359/1000 Loss: -1918.828560 RMSE train: 0.013899 RMSE valid: 0.038008 best RMSE valid/CO: 0.013921
LBFGS step 360/1000 Loss: -1918.838430 RMSE train: 0.013895 RMSE valid: 0.038084 best RMSE valid/CO: 0.013921
Loss dropped by only 0.481576 (< loss_tol=0.5) over the last 20 steps, stopping (best RMSE valid=0.013921 at step 102).
Fold 1: best RMSE valid = 0.013921 (no test set given)

Fold 2/5
LBFGS step 1/1000 Loss: 739778.796949 RMSE train: 0.106946 RMSE valid: 0.857220 best RMSE valid/CO: 0.658903
LBFGS step 2/1000 Loss: 2018.141607 RMSE train: 0.082413 RMSE valid: 0.625796 best RMSE valid/CO: 0.338361
LBFGS step 3/1000 Loss: 301.752307 RMSE train: 0.074303 RMSE valid: 0.351316 best RMSE valid/CO: 0.177859
LBFGS step 4/1000 Loss: -181.487120 RMSE train: 0.073543 RMSE valid: 0.431568 best RMSE valid/CO: 0.112712
LBFGS step 5/1000 Loss: -319.588349 RMSE train: 0.077337 RMSE valid: 0.433310 best RMSE valid/CO: 0.112712
LBFGS step 6/1000 Loss: -560.418839 RMSE train: 0.071384 RMSE valid: 0.320046 best RMSE valid/CO: 0.105803
LBFGS step 7/1000 Loss: -919.682207 RMSE train: 0.063200 RMSE valid: 0.269018 best RMSE valid/CO: 0.099496
LBFGS step 8/1000 Loss: -983.416858 RMSE train: 0.061618 RMSE valid: 0.259088 best RMSE valid/CO: 0.096273
LBFGS step 9/1000 Loss: -998.109283 RMSE train: 0.061493 RMSE valid: 0.264909 best RMSE valid/CO: 0.091841
LBFGS step 10/1000 Loss: -1000.187631 RMSE train: 0.060066 RMSE valid: 0.283425 best RMSE valid/CO: 0.091841
LBFGS step 11/1000 Loss: -1015.201393 RMSE train: 0.055682 RMSE valid: 0.305337 best RMSE valid/CO: 0.091841
LBFGS step 12/1000 Loss: -1041.685294 RMSE train: 0.052307 RMSE valid: 0.261744 best RMSE valid/CO: 0.091841
LBFGS step 13/1000 Loss: -1063.046353 RMSE train: 0.051679 RMSE valid: 0.265255 best RMSE valid/CO: 0.091701
LBFGS step 14/1000 Loss: -1072.918915 RMSE train: 0.049100 RMSE valid: 0.269132 best RMSE valid/CO: 0.089299
LBFGS step 15/1000 Loss: -1087.508271 RMSE train: 0.043745 RMSE valid: 0.245459 best RMSE valid/CO: 0.073059
LBFGS step 16/1000 Loss: -1125.673342 RMSE train: 0.041402 RMSE valid: 0.230181 best RMSE valid/CO: 0.066478
LBFGS step 17/1000 Loss: -1163.443317 RMSE train: 0.037670 RMSE valid: 0.110969 best RMSE valid/CO: 0.034560
LBFGS step 18/1000 Loss: -1324.316942 RMSE train: 0.031826 RMSE valid: 0.072350 best RMSE valid/CO: 0.025200
LBFGS step 19/1000 Loss: -1470.575159 RMSE train: 0.031528 RMSE valid: 0.057120 best RMSE valid/CO: 0.023698
LBFGS step 20/1000 Loss: -1514.410533 RMSE train: 0.030689 RMSE valid: 0.054488 best RMSE valid/CO: 0.023698
LBFGS step 21/1000 Loss: -1531.052213 RMSE train: 0.030663 RMSE valid: 0.058691 best RMSE valid/CO: 0.023698
LBFGS step 22/1000 Loss: -1540.712112 RMSE train: 0.030355 RMSE valid: 0.063071 best RMSE valid/CO: 0.023698
LBFGS step 23/1000 Loss: -1544.709348 RMSE train: 0.029619 RMSE valid: 0.061623 best RMSE valid/CO: 0.023698
LBFGS step 24/1000 Loss: -1551.493558 RMSE train: 0.028921 RMSE valid: 0.061461 best RMSE valid/CO: 0.023698
LBFGS step 25/1000 Loss: -1560.003756 RMSE train: 0.028165 RMSE valid: 0.058046 best RMSE valid/CO: 0.023656
LBFGS step 26/1000 Loss: -1572.081885 RMSE train: 0.027593 RMSE valid: 0.057100 best RMSE valid/CO: 0.023004
LBFGS step 27/1000 Loss: -1577.476877 RMSE train: 0.026204 RMSE valid: 0.061322 best RMSE valid/CO: 0.022648
LBFGS step 28/1000 Loss: -1605.951863 RMSE train: 0.026047 RMSE valid: 0.059548 best RMSE valid/CO: 0.022264
LBFGS step 29/1000 Loss: -1614.968458 RMSE train: 0.025949 RMSE valid: 0.058802 best RMSE valid/CO: 0.022054
LBFGS step 30/1000 Loss: -1619.377197 RMSE train: 0.025941 RMSE valid: 0.058077 best RMSE valid/CO: 0.022024
LBFGS step 31/1000 Loss: -1624.662895 RMSE train: 0.025925 RMSE valid: 0.057915 best RMSE valid/CO: 0.021919
LBFGS step 32/1000 Loss: -1626.394016 RMSE train: 0.025904 RMSE valid: 0.056863 best RMSE valid/CO: 0.021672
LBFGS step 33/1000 Loss: -1628.316490 RMSE train: 0.025896 RMSE valid: 0.050735 best RMSE valid/CO: 0.021160
LBFGS step 34/1000 Loss: -1641.227656 RMSE train: 0.025549 RMSE valid: 0.049950 best RMSE valid/CO: 0.021160
LBFGS step 35/1000 Loss: -1648.233178 RMSE train: 0.025732 RMSE valid: 0.049744 best RMSE valid/CO: 0.021012
LBFGS step 36/1000 Loss: -1652.262976 RMSE train: 0.025706 RMSE valid: 0.049979 best RMSE valid/CO: 0.021012
LBFGS step 37/1000 Loss: -1653.423485 RMSE train: 0.025715 RMSE valid: 0.051080 best RMSE valid/CO: 0.021012
LBFGS step 38/1000 Loss: -1654.133816 RMSE train: 0.025209 RMSE valid: 0.055966 best RMSE valid/CO: 0.021012
LBFGS step 39/1000 Loss: -1660.502933 RMSE train: 0.024516 RMSE valid: 0.049955 best RMSE valid/CO: 0.020556
LBFGS step 40/1000 Loss: -1672.454769 RMSE train: 0.023357 RMSE valid: 0.047310 best RMSE valid/CO: 0.019405
LBFGS step 41/1000 Loss: -1684.355351 RMSE train: 0.022859 RMSE valid: 0.046739 best RMSE valid/CO: 0.019152
LBFGS step 42/1000 Loss: -1694.581119 RMSE train: 0.021826 RMSE valid: 0.047689 best RMSE valid/CO: 0.018165
LBFGS step 43/1000 Loss: -1712.679472 RMSE train: 0.019998 RMSE valid: 0.047970 best RMSE valid/CO: 0.018165
LBFGS step 44/1000 Loss: -1728.701822 RMSE train: 0.019360 RMSE valid: 0.047829 best RMSE valid/CO: 0.018165
LBFGS step 45/1000 Loss: -1742.590884 RMSE train: 0.019221 RMSE valid: 0.045592 best RMSE valid/CO: 0.018016
LBFGS step 46/1000 Loss: -1749.767887 RMSE train: 0.019305 RMSE valid: 0.044606 best RMSE valid/CO: 0.017853
LBFGS step 47/1000 Loss: -1750.555957 RMSE train: 0.019571 RMSE valid: 0.043756 best RMSE valid/CO: 0.017665
LBFGS step 48/1000 Loss: -1753.028127 RMSE train: 0.019660 RMSE valid: 0.043028 best RMSE valid/CO: 0.017665
LBFGS step 49/1000 Loss: -1754.358898 RMSE train: 0.019758 RMSE valid: 0.043415 best RMSE valid/CO: 0.017665
LBFGS step 50/1000 Loss: -1755.405738 RMSE train: 0.019829 RMSE valid: 0.044119 best RMSE valid/CO: 0.017665
LBFGS step 51/1000 Loss: -1757.432319 RMSE train: 0.019840 RMSE valid: 0.044031 best RMSE valid/CO: 0.017665
LBFGS step 52/1000 Loss: -1758.881203 RMSE train: 0.019789 RMSE valid: 0.044453 best RMSE valid/CO: 0.017665
LBFGS step 53/1000 Loss: -1760.731635 RMSE train: 0.019780 RMSE valid: 0.044071 best RMSE valid/CO: 0.017665
LBFGS step 54/1000 Loss: -1761.018278 RMSE train: 0.019862 RMSE valid: 0.042929 best RMSE valid/CO: 0.017426
LBFGS step 55/1000 Loss: -1767.263944 RMSE train: 0.019872 RMSE valid: 0.042806 best RMSE valid/CO: 0.017426
LBFGS step 56/1000 Loss: -1768.908813 RMSE train: 0.019772 RMSE valid: 0.042634 best RMSE valid/CO: 0.017426
LBFGS step 57/1000 Loss: -1770.448818 RMSE train: 0.019698 RMSE valid: 0.042374 best RMSE valid/CO: 0.017426
LBFGS step 58/1000 Loss: -1771.208955 RMSE train: 0.019725 RMSE valid: 0.042433 best RMSE valid/CO: 0.017426
LBFGS step 59/1000 Loss: -1771.545936 RMSE train: 0.019740 RMSE valid: 0.042022 best RMSE valid/CO: 0.017426
LBFGS step 60/1000 Loss: -1771.936582 RMSE train: 0.019745 RMSE valid: 0.041549 best RMSE valid/CO: 0.017426
LBFGS step 61/1000 Loss: -1773.196259 RMSE train: 0.019708 RMSE valid: 0.041449 best RMSE valid/CO: 0.017426
LBFGS step 62/1000 Loss: -1774.184910 RMSE train: 0.019700 RMSE valid: 0.041601 best RMSE valid/CO: 0.017426
LBFGS step 63/1000 Loss: -1774.811418 RMSE train: 0.019713 RMSE valid: 0.041583 best RMSE valid/CO: 0.017426
LBFGS step 64/1000 Loss: -1775.138476 RMSE train: 0.019641 RMSE valid: 0.043445 best RMSE valid/CO: 0.017426
LBFGS step 65/1000 Loss: -1777.705438 RMSE train: 0.019147 RMSE valid: 0.057154 best RMSE valid/CO: 0.017426
LBFGS step 66/1000 Loss: -1785.785269 RMSE train: 0.018985 RMSE valid: 0.064096 best RMSE valid/CO: 0.017426
LBFGS step 67/1000 Loss: -1791.290576 RMSE train: 0.018792 RMSE valid: 0.066517 best RMSE valid/CO: 0.017426
LBFGS step 68/1000 Loss: -1792.680271 RMSE train: 0.018653 RMSE valid: 0.069176 best RMSE valid/CO: 0.017426
LBFGS step 69/1000 Loss: -1794.895402 RMSE train: 0.018494 RMSE valid: 0.068001 best RMSE valid/CO: 0.017426
LBFGS step 70/1000 Loss: -1798.421958 RMSE train: 0.018396 RMSE valid: 0.066990 best RMSE valid/CO: 0.017426
LBFGS step 71/1000 Loss: -1802.249895 RMSE train: 0.018327 RMSE valid: 0.064884 best RMSE valid/CO: 0.017426
LBFGS step 72/1000 Loss: -1804.388371 RMSE train: 0.018331 RMSE valid: 0.062134 best RMSE valid/CO: 0.017426
LBFGS step 73/1000 Loss: -1806.634312 RMSE train: 0.017676 RMSE valid: 0.050383 best RMSE valid/CO: 0.016713
LBFGS step 74/1000 Loss: -1822.306635 RMSE train: 0.017614 RMSE valid: 0.051667 best RMSE valid/CO: 0.016713
LBFGS step 75/1000 Loss: -1825.982446 RMSE train: 0.017490 RMSE valid: 0.049729 best RMSE valid/CO: 0.016700
LBFGS step 76/1000 Loss: -1830.720423 RMSE train: 0.017472 RMSE valid: 0.049401 best RMSE valid/CO: 0.016669
LBFGS step 77/1000 Loss: -1831.670938 RMSE train: 0.017481 RMSE valid: 0.048134 best RMSE valid/CO: 0.016546
LBFGS step 78/1000 Loss: -1833.198618 RMSE train: 0.017464 RMSE valid: 0.047005 best RMSE valid/CO: 0.016448
LBFGS step 79/1000 Loss: -1834.978143 RMSE train: 0.017526 RMSE valid: 0.045722 best RMSE valid/CO: 0.016238
LBFGS step 80/1000 Loss: -1836.021820 RMSE train: 0.017583 RMSE valid: 0.046118 best RMSE valid/CO: 0.016238
LBFGS step 81/1000 Loss: -1836.932017 RMSE train: 0.017703 RMSE valid: 0.045649 best RMSE valid/CO: 0.016238
LBFGS step 82/1000 Loss: -1837.893028 RMSE train: 0.017792 RMSE valid: 0.046057 best RMSE valid/CO: 0.016238
LBFGS step 83/1000 Loss: -1838.967248 RMSE train: 0.017820 RMSE valid: 0.046152 best RMSE valid/CO: 0.016238
LBFGS step 84/1000 Loss: -1839.675779 RMSE train: 0.017811 RMSE valid: 0.045773 best RMSE valid/CO: 0.016238
LBFGS step 85/1000 Loss: -1839.877783 RMSE train: 0.017796 RMSE valid: 0.045564 best RMSE valid/CO: 0.016238
LBFGS step 86/1000 Loss: -1840.217451 RMSE train: 0.017784 RMSE valid: 0.045612 best RMSE valid/CO: 0.016238
LBFGS step 87/1000 Loss: -1840.474513 RMSE train: 0.017796 RMSE valid: 0.045790 best RMSE valid/CO: 0.016238
LBFGS step 88/1000 Loss: -1840.637536 RMSE train: 0.017809 RMSE valid: 0.045386 best RMSE valid/CO: 0.016238
LBFGS step 89/1000 Loss: -1840.903857 RMSE train: 0.017807 RMSE valid: 0.045017 best RMSE valid/CO: 0.016238
LBFGS step 90/1000 Loss: -1841.145139 RMSE train: 0.017845 RMSE valid: 0.045088 best RMSE valid/CO: 0.016238
LBFGS step 91/1000 Loss: -1841.589018 RMSE train: 0.017857 RMSE valid: 0.044829 best RMSE valid/CO: 0.016238
LBFGS step 92/1000 Loss: -1841.706025 RMSE train: 0.017877 RMSE valid: 0.045104 best RMSE valid/CO: 0.016238
LBFGS step 93/1000 Loss: -1841.801987 RMSE train: 0.017873 RMSE valid: 0.045369 best RMSE valid/CO: 0.016238
LBFGS step 94/1000 Loss: -1841.993292 RMSE train: 0.017876 RMSE valid: 0.045326 best RMSE valid/CO: 0.016238
LBFGS step 95/1000 Loss: -1842.173339 RMSE train: 0.017826 RMSE valid: 0.046031 best RMSE valid/CO: 0.016238
LBFGS step 96/1000 Loss: -1842.500369 RMSE train: 0.017801 RMSE valid: 0.045930 best RMSE valid/CO: 0.016238
LBFGS step 97/1000 Loss: -1842.718996 RMSE train: 0.017696 RMSE valid: 0.046061 best RMSE valid/CO: 0.016238
LBFGS step 98/1000 Loss: -1843.170279 RMSE train: 0.017599 RMSE valid: 0.047285 best RMSE valid/CO: 0.016238
LBFGS step 99/1000 Loss: -1843.415593 RMSE train: 0.017439 RMSE valid: 0.048280 best RMSE valid/CO: 0.016238
LBFGS step 100/1000 Loss: -1843.760506 RMSE train: 0.017380 RMSE valid: 0.048879 best RMSE valid/CO: 0.016238
LBFGS step 101/1000 Loss: -1843.925398 RMSE train: 0.017390 RMSE valid: 0.048634 best RMSE valid/CO: 0.016238
LBFGS step 102/1000 Loss: -1844.189229 RMSE train: 0.017372 RMSE valid: 0.048356 best RMSE valid/CO: 0.016238
LBFGS step 103/1000 Loss: -1844.317476 RMSE train: 0.017393 RMSE valid: 0.047696 best RMSE valid/CO: 0.016238
LBFGS step 104/1000 Loss: -1844.725278 RMSE train: 0.017371 RMSE valid: 0.046262 best RMSE valid/CO: 0.016238
LBFGS step 105/1000 Loss: -1845.455890 RMSE train: 0.017404 RMSE valid: 0.045415 best RMSE valid/CO: 0.016148
LBFGS step 106/1000 Loss: -1846.188182 RMSE train: 0.017410 RMSE valid: 0.045481 best RMSE valid/CO: 0.016148
LBFGS step 107/1000 Loss: -1846.318533 RMSE train: 0.017411 RMSE valid: 0.045895 best RMSE valid/CO: 0.016148
LBFGS step 108/1000 Loss: -1846.508795 RMSE train: 0.017418 RMSE valid: 0.045948 best RMSE valid/CO: 0.016148
LBFGS step 109/1000 Loss: -1846.562356 RMSE train: 0.017421 RMSE valid: 0.046130 best RMSE valid/CO: 0.016148
LBFGS step 110/1000 Loss: -1846.593842 RMSE train: 0.017421 RMSE valid: 0.046307 best RMSE valid/CO: 0.016148
LBFGS step 111/1000 Loss: -1846.698395 RMSE train: 0.017427 RMSE valid: 0.045997 best RMSE valid/CO: 0.016148
LBFGS step 112/1000 Loss: -1846.865157 RMSE train: 0.017421 RMSE valid: 0.046267 best RMSE valid/CO: 0.016148
LBFGS step 113/1000 Loss: -1847.019678 RMSE train: 0.017420 RMSE valid: 0.046089 best RMSE valid/CO: 0.016148
LBFGS step 114/1000 Loss: -1847.073296 RMSE train: 0.017430 RMSE valid: 0.045707 best RMSE valid/CO: 0.016148
LBFGS step 115/1000 Loss: -1847.282722 RMSE train: 0.017501 RMSE valid: 0.044394 best RMSE valid/CO: 0.016064
LBFGS step 116/1000 Loss: -1847.765875 RMSE train: 0.017586 RMSE valid: 0.042957 best RMSE valid/CO: 0.015906
LBFGS step 117/1000 Loss: -1848.745078 RMSE train: 0.017634 RMSE valid: 0.042922 best RMSE valid/CO: 0.015906
LBFGS step 118/1000 Loss: -1849.090239 RMSE train: 0.017697 RMSE valid: 0.041912 best RMSE valid/CO: 0.015840
LBFGS step 119/1000 Loss: -1849.629059 RMSE train: 0.017702 RMSE valid: 0.041842 best RMSE valid/CO: 0.015822
LBFGS step 120/1000 Loss: -1849.725174 RMSE train: 0.017632 RMSE valid: 0.041706 best RMSE valid/CO: 0.015759
LBFGS step 121/1000 Loss: -1850.804243 RMSE train: 0.017522 RMSE valid: 0.042190 best RMSE valid/CO: 0.015723
LBFGS step 122/1000 Loss: -1851.912860 RMSE train: 0.017346 RMSE valid: 0.042224 best RMSE valid/CO: 0.015587
LBFGS step 123/1000 Loss: -1854.177634 RMSE train: 0.017295 RMSE valid: 0.042693 best RMSE valid/CO: 0.015587
LBFGS step 124/1000 Loss: -1854.578943 RMSE train: 0.017269 RMSE valid: 0.042578 best RMSE valid/CO: 0.015587
LBFGS step 125/1000 Loss: -1854.800580 RMSE train: 0.017239 RMSE valid: 0.042382 best RMSE valid/CO: 0.015587
LBFGS step 126/1000 Loss: -1855.157904 RMSE train: 0.017201 RMSE valid: 0.042980 best RMSE valid/CO: 0.015587
LBFGS step 127/1000 Loss: -1855.862674 RMSE train: 0.017196 RMSE valid: 0.043451 best RMSE valid/CO: 0.015587
LBFGS step 128/1000 Loss: -1856.264767 RMSE train: 0.017164 RMSE valid: 0.043468 best RMSE valid/CO: 0.015587
LBFGS step 129/1000 Loss: -1856.591770 RMSE train: 0.017156 RMSE valid: 0.043888 best RMSE valid/CO: 0.015587
LBFGS step 130/1000 Loss: -1856.771177 RMSE train: 0.017127 RMSE valid: 0.043584 best RMSE valid/CO: 0.015587
LBFGS step 131/1000 Loss: -1856.980304 RMSE train: 0.017120 RMSE valid: 0.043348 best RMSE valid/CO: 0.015587
LBFGS step 132/1000 Loss: -1857.012975 RMSE train: 0.017049 RMSE valid: 0.043555 best RMSE valid/CO: 0.015587
LBFGS step 133/1000 Loss: -1857.222438 RMSE train: 0.017004 RMSE valid: 0.043615 best RMSE valid/CO: 0.015587
LBFGS step 134/1000 Loss: -1857.422988 RMSE train: 0.016972 RMSE valid: 0.043866 best RMSE valid/CO: 0.015587
LBFGS step 135/1000 Loss: -1857.569355 RMSE train: 0.016960 RMSE valid: 0.044096 best RMSE valid/CO: 0.015587
LBFGS step 136/1000 Loss: -1857.633365 RMSE train: 0.016963 RMSE valid: 0.044022 best RMSE valid/CO: 0.015587
LBFGS step 137/1000 Loss: -1857.646509 RMSE train: 0.016969 RMSE valid: 0.044002 best RMSE valid/CO: 0.015587
LBFGS step 138/1000 Loss: -1857.688518 RMSE train: 0.016977 RMSE valid: 0.044002 best RMSE valid/CO: 0.015587
LBFGS step 139/1000 Loss: -1857.704407 RMSE train: 0.016984 RMSE valid: 0.043925 best RMSE valid/CO: 0.015587
LBFGS step 140/1000 Loss: -1857.743649 RMSE train: 0.016987 RMSE valid: 0.044057 best RMSE valid/CO: 0.015587
LBFGS step 141/1000 Loss: -1857.758618 RMSE train: 0.016988 RMSE valid: 0.043976 best RMSE valid/CO: 0.015587
LBFGS step 142/1000 Loss: -1857.792288 RMSE train: 0.016985 RMSE valid: 0.044013 best RMSE valid/CO: 0.015587
LBFGS step 143/1000 Loss: -1857.818044 RMSE train: 0.016952 RMSE valid: 0.044219 best RMSE valid/CO: 0.015587
LBFGS step 144/1000 Loss: -1858.011854 RMSE train: 0.016937 RMSE valid: 0.043846 best RMSE valid/CO: 0.015587
LBFGS step 145/1000 Loss: -1858.193647 RMSE train: 0.016927 RMSE valid: 0.043713 best RMSE valid/CO: 0.015587
LBFGS step 146/1000 Loss: -1858.334963 RMSE train: 0.016908 RMSE valid: 0.043277 best RMSE valid/CO: 0.015516
LBFGS step 147/1000 Loss: -1859.101202 RMSE train: 0.016917 RMSE valid: 0.043472 best RMSE valid/CO: 0.015477
LBFGS step 148/1000 Loss: -1859.444915 RMSE train: 0.016917 RMSE valid: 0.043133 best RMSE valid/CO: 0.015465
LBFGS step 149/1000 Loss: -1859.960423 RMSE train: 0.016905 RMSE valid: 0.043529 best RMSE valid/CO: 0.015465
LBFGS step 150/1000 Loss: -1860.155816 RMSE train: 0.016877 RMSE valid: 0.043336 best RMSE valid/CO: 0.015456
LBFGS step 151/1000 Loss: -1860.351870 RMSE train: 0.016740 RMSE valid: 0.043480 best RMSE valid/CO: 0.015408
LBFGS step 152/1000 Loss: -1861.217429 RMSE train: 0.016727 RMSE valid: 0.044069 best RMSE valid/CO: 0.015408
LBFGS step 153/1000 Loss: -1861.388284 RMSE train: 0.016648 RMSE valid: 0.044535 best RMSE valid/CO: 0.015408
LBFGS step 154/1000 Loss: -1862.300232 RMSE train: 0.016623 RMSE valid: 0.045225 best RMSE valid/CO: 0.015408
LBFGS step 155/1000 Loss: -1862.654413 RMSE train: 0.016612 RMSE valid: 0.045164 best RMSE valid/CO: 0.015408
LBFGS step 156/1000 Loss: -1862.740972 RMSE train: 0.016565 RMSE valid: 0.045682 best RMSE valid/CO: 0.015408
LBFGS step 157/1000 Loss: -1862.951063 RMSE train: 0.016561 RMSE valid: 0.045584 best RMSE valid/CO: 0.015408
LBFGS step 158/1000 Loss: -1862.991055 RMSE train: 0.016539 RMSE valid: 0.044887 best RMSE valid/CO: 0.015376
LBFGS step 159/1000 Loss: -1863.303733 RMSE train: 0.016553 RMSE valid: 0.044784 best RMSE valid/CO: 0.015357
LBFGS step 160/1000 Loss: -1863.378438 RMSE train: 0.016655 RMSE valid: 0.042058 best RMSE valid/CO: 0.015078
LBFGS step 161/1000 Loss: -1864.062282 RMSE train: 0.016696 RMSE valid: 0.041943 best RMSE valid/CO: 0.015078
LBFGS step 162/1000 Loss: -1864.207147 RMSE train: 0.016678 RMSE valid: 0.042366 best RMSE valid/CO: 0.015078
LBFGS step 163/1000 Loss: -1864.390852 RMSE train: 0.016690 RMSE valid: 0.041375 best RMSE valid/CO: 0.014962
LBFGS step 164/1000 Loss: -1864.786939 RMSE train: 0.016675 RMSE valid: 0.041131 best RMSE valid/CO: 0.014891
LBFGS step 165/1000 Loss: -1864.946212 RMSE train: 0.016651 RMSE valid: 0.041874 best RMSE valid/CO: 0.014891
LBFGS step 166/1000 Loss: -1865.604535 RMSE train: 0.016638 RMSE valid: 0.042367 best RMSE valid/CO: 0.014891
LBFGS step 167/1000 Loss: -1865.863795 RMSE train: 0.016582 RMSE valid: 0.042934 best RMSE valid/CO: 0.014891
LBFGS step 168/1000 Loss: -1866.470483 RMSE train: 0.016509 RMSE valid: 0.043451 best RMSE valid/CO: 0.014891
LBFGS step 169/1000 Loss: -1867.042082 RMSE train: 0.016404 RMSE valid: 0.044949 best RMSE valid/CO: 0.014891
LBFGS step 170/1000 Loss: -1867.413182 RMSE train: 0.016332 RMSE valid: 0.046454 best RMSE valid/CO: 0.014891
LBFGS step 171/1000 Loss: -1867.791438 RMSE train: 0.016241 RMSE valid: 0.046396 best RMSE valid/CO: 0.014891
LBFGS step 172/1000 Loss: -1868.794049 RMSE train: 0.016245 RMSE valid: 0.046115 best RMSE valid/CO: 0.014891
LBFGS step 173/1000 Loss: -1869.012582 RMSE train: 0.016215 RMSE valid: 0.044259 best RMSE valid/CO: 0.014805
LBFGS step 174/1000 Loss: -1869.761436 RMSE train: 0.016203 RMSE valid: 0.043328 best RMSE valid/CO: 0.014799
LBFGS step 175/1000 Loss: -1870.141356 RMSE train: 0.016221 RMSE valid: 0.043190 best RMSE valid/CO: 0.014732
LBFGS step 176/1000 Loss: -1870.349369 RMSE train: 0.016234 RMSE valid: 0.042666 best RMSE valid/CO: 0.014718
LBFGS step 177/1000 Loss: -1870.483964 RMSE train: 0.016252 RMSE valid: 0.042599 best RMSE valid/CO: 0.014718
LBFGS step 178/1000 Loss: -1870.533880 RMSE train: 0.016293 RMSE valid: 0.042066 best RMSE valid/CO: 0.014676
LBFGS step 179/1000 Loss: -1870.641533 RMSE train: 0.016298 RMSE valid: 0.041700 best RMSE valid/CO: 0.014676
LBFGS step 180/1000 Loss: -1870.718447 RMSE train: 0.016301 RMSE valid: 0.041518 best RMSE valid/CO: 0.014653
LBFGS step 181/1000 Loss: -1870.794768 RMSE train: 0.016291 RMSE valid: 0.041267 best RMSE valid/CO: 0.014638
LBFGS step 182/1000 Loss: -1870.864802 RMSE train: 0.016293 RMSE valid: 0.041552 best RMSE valid/CO: 0.014638
LBFGS step 183/1000 Loss: -1870.892051 RMSE train: 0.016301 RMSE valid: 0.041418 best RMSE valid/CO: 0.014638
LBFGS step 184/1000 Loss: -1870.917418 RMSE train: 0.016313 RMSE valid: 0.041375 best RMSE valid/CO: 0.014638
LBFGS step 185/1000 Loss: -1870.951616 RMSE train: 0.016328 RMSE valid: 0.041287 best RMSE valid/CO: 0.014638
LBFGS step 186/1000 Loss: -1871.001019 RMSE train: 0.016343 RMSE valid: 0.041058 best RMSE valid/CO: 0.014638
LBFGS step 187/1000 Loss: -1871.044782 RMSE train: 0.016346 RMSE valid: 0.040766 best RMSE valid/CO: 0.014615
LBFGS step 188/1000 Loss: -1871.080675 RMSE train: 0.016373 RMSE valid: 0.040231 best RMSE valid/CO: 0.014615
LBFGS step 189/1000 Loss: -1871.229541 RMSE train: 0.016376 RMSE valid: 0.040034 best RMSE valid/CO: 0.014611
LBFGS step 190/1000 Loss: -1871.264364 RMSE train: 0.016389 RMSE valid: 0.039845 best RMSE valid/CO: 0.014608
LBFGS step 191/1000 Loss: -1871.349563 RMSE train: 0.016382 RMSE valid: 0.040077 best RMSE valid/CO: 0.014608
LBFGS step 192/1000 Loss: -1871.401406 RMSE train: 0.016379 RMSE valid: 0.039879 best RMSE valid/CO: 0.014598
LBFGS step 193/1000 Loss: -1871.451425 RMSE train: 0.016366 RMSE valid: 0.040033 best RMSE valid/CO: 0.014598
LBFGS step 194/1000 Loss: -1871.595615 RMSE train: 0.016360 RMSE valid: 0.039860 best RMSE valid/CO: 0.014598
LBFGS step 195/1000 Loss: -1871.621167 RMSE train: 0.016320 RMSE valid: 0.040104 best RMSE valid/CO: 0.014598
LBFGS step 196/1000 Loss: -1871.747322 RMSE train: 0.016303 RMSE valid: 0.040124 best RMSE valid/CO: 0.014598
LBFGS step 197/1000 Loss: -1871.784759 RMSE train: 0.016285 RMSE valid: 0.040238 best RMSE valid/CO: 0.014598
LBFGS step 198/1000 Loss: -1871.824413 RMSE train: 0.016278 RMSE valid: 0.040293 best RMSE valid/CO: 0.014598
LBFGS step 199/1000 Loss: -1871.872019 RMSE train: 0.016274 RMSE valid: 0.040255 best RMSE valid/CO: 0.014598
LBFGS step 200/1000 Loss: -1871.896273 RMSE train: 0.016273 RMSE valid: 0.040598 best RMSE valid/CO: 0.014598
LBFGS step 201/1000 Loss: -1871.985125 RMSE train: 0.016277 RMSE valid: 0.040629 best RMSE valid/CO: 0.014598
LBFGS step 202/1000 Loss: -1872.025127 RMSE train: 0.016284 RMSE valid: 0.040667 best RMSE valid/CO: 0.014598
LBFGS step 203/1000 Loss: -1872.186219 RMSE train: 0.016297 RMSE valid: 0.041013 best RMSE valid/CO: 0.014598
LBFGS step 204/1000 Loss: -1872.444836 RMSE train: 0.016315 RMSE valid: 0.041033 best RMSE valid/CO: 0.014598
LBFGS step 205/1000 Loss: -1872.506805 RMSE train: 0.016357 RMSE valid: 0.041312 best RMSE valid/CO: 0.014598
LBFGS step 206/1000 Loss: -1872.636471 RMSE train: 0.016362 RMSE valid: 0.041178 best RMSE valid/CO: 0.014598
LBFGS step 207/1000 Loss: -1872.680360 RMSE train: 0.016361 RMSE valid: 0.041037 best RMSE valid/CO: 0.014598
LBFGS step 208/1000 Loss: -1872.711221 RMSE train: 0.016354 RMSE valid: 0.040970 best RMSE valid/CO: 0.014598
LBFGS step 209/1000 Loss: -1872.799765 RMSE train: 0.016335 RMSE valid: 0.040835 best RMSE valid/CO: 0.014598
LBFGS step 210/1000 Loss: -1872.847495 RMSE train: 0.016327 RMSE valid: 0.040758 best RMSE valid/CO: 0.014598
LBFGS step 211/1000 Loss: -1872.866027 RMSE train: 0.016327 RMSE valid: 0.040594 best RMSE valid/CO: 0.014598
LBFGS step 212/1000 Loss: -1872.908123 RMSE train: 0.016328 RMSE valid: 0.040524 best RMSE valid/CO: 0.014598
LBFGS step 213/1000 Loss: -1872.917828 RMSE train: 0.016335 RMSE valid: 0.040507 best RMSE valid/CO: 0.014598
LBFGS step 214/1000 Loss: -1872.935501 RMSE train: 0.016341 RMSE valid: 0.040504 best RMSE valid/CO: 0.014598
LBFGS step 215/1000 Loss: -1872.956133 RMSE train: 0.016351 RMSE valid: 0.040300 best RMSE valid/CO: 0.014598
LBFGS step 216/1000 Loss: -1872.976542 RMSE train: 0.016360 RMSE valid: 0.040022 best RMSE valid/CO: 0.014598
LBFGS step 217/1000 Loss: -1873.034055 RMSE train: 0.016358 RMSE valid: 0.039789 best RMSE valid/CO: 0.014598
LBFGS step 218/1000 Loss: -1873.080309 RMSE train: 0.016354 RMSE valid: 0.039497 best RMSE valid/CO: 0.014598
LBFGS step 219/1000 Loss: -1873.133360 RMSE train: 0.016352 RMSE valid: 0.039610 best RMSE valid/CO: 0.014598
LBFGS step 220/1000 Loss: -1873.142260 RMSE train: 0.016350 RMSE valid: 0.039578 best RMSE valid/CO: 0.014598
LBFGS step 221/1000 Loss: -1873.161614 RMSE train: 0.016347 RMSE valid: 0.039666 best RMSE valid/CO: 0.014598
LBFGS step 222/1000 Loss: -1873.176329 RMSE train: 0.016342 RMSE valid: 0.039875 best RMSE valid/CO: 0.014598
LBFGS step 223/1000 Loss: -1873.252918 RMSE train: 0.016336 RMSE valid: 0.039762 best RMSE valid/CO: 0.014598
LBFGS step 224/1000 Loss: -1873.281263 RMSE train: 0.016330 RMSE valid: 0.039822 best RMSE valid/CO: 0.014598
LBFGS step 225/1000 Loss: -1873.293699 RMSE train: 0.016306 RMSE valid: 0.039912 best RMSE valid/CO: 0.014598
LBFGS step 226/1000 Loss: -1873.358131 RMSE train: 0.016300 RMSE valid: 0.039867 best RMSE valid/CO: 0.014598
LBFGS step 227/1000 Loss: -1873.402723 RMSE train: 0.016298 RMSE valid: 0.040006 best RMSE valid/CO: 0.014598
LBFGS step 228/1000 Loss: -1873.443174 RMSE train: 0.016299 RMSE valid: 0.040108 best RMSE valid/CO: 0.014598
LBFGS step 229/1000 Loss: -1873.458848 RMSE train: 0.016304 RMSE valid: 0.040058 best RMSE valid/CO: 0.014598
LBFGS step 230/1000 Loss: -1873.542500 RMSE train: 0.016311 RMSE valid: 0.040097 best RMSE valid/CO: 0.014598
LBFGS step 231/1000 Loss: -1873.564719 RMSE train: 0.016292 RMSE valid: 0.040106 best RMSE valid/CO: 0.014598
LBFGS step 232/1000 Loss: -1873.762689 RMSE train: 0.016292 RMSE valid: 0.040205 best RMSE valid/CO: 0.014598
LBFGS step 233/1000 Loss: -1873.844782 RMSE train: 0.016294 RMSE valid: 0.040115 best RMSE valid/CO: 0.014598
LBFGS step 234/1000 Loss: -1873.914069 RMSE train: 0.016298 RMSE valid: 0.040299 best RMSE valid/CO: 0.014598
LBFGS step 235/1000 Loss: -1873.960533 RMSE train: 0.016309 RMSE valid: 0.040103 best RMSE valid/CO: 0.014598
LBFGS step 236/1000 Loss: -1874.007968 RMSE train: 0.016309 RMSE valid: 0.039955 best RMSE valid/CO: 0.014598
LBFGS step 237/1000 Loss: -1874.035454 RMSE train: 0.016303 RMSE valid: 0.039887 best RMSE valid/CO: 0.014598
LBFGS step 238/1000 Loss: -1874.097462 RMSE train: 0.016297 RMSE valid: 0.039664 best RMSE valid/CO: 0.014598
LBFGS step 239/1000 Loss: -1874.159232 RMSE train: 0.016282 RMSE valid: 0.039154 best RMSE valid/CO: 0.014598
LBFGS step 240/1000 Loss: -1874.269019 RMSE train: 0.016275 RMSE valid: 0.038919 best RMSE valid/CO: 0.014579
LBFGS step 241/1000 Loss: -1874.400346 RMSE train: 0.016268 RMSE valid: 0.037877 best RMSE valid/CO: 0.014464
LBFGS step 242/1000 Loss: -1874.729612 RMSE train: 0.016287 RMSE valid: 0.037764 best RMSE valid/CO: 0.014464
LBFGS step 243/1000 Loss: -1874.927478 RMSE train: 0.016303 RMSE valid: 0.036835 best RMSE valid/CO: 0.014401
LBFGS step 244/1000 Loss: -1875.250981 RMSE train: 0.016289 RMSE valid: 0.036601 best RMSE valid/CO: 0.014401
LBFGS step 245/1000 Loss: -1875.347976 RMSE train: 0.016254 RMSE valid: 0.036143 best RMSE valid/CO: 0.014367
LBFGS step 246/1000 Loss: -1875.797238 RMSE train: 0.016254 RMSE valid: 0.036195 best RMSE valid/CO: 0.014349
LBFGS step 247/1000 Loss: -1875.897060 RMSE train: 0.016253 RMSE valid: 0.036432 best RMSE valid/CO: 0.014349
LBFGS step 248/1000 Loss: -1876.086188 RMSE train: 0.016242 RMSE valid: 0.036687 best RMSE valid/CO: 0.014349
LBFGS step 249/1000 Loss: -1876.182166 RMSE train: 0.016193 RMSE valid: 0.036812 best RMSE valid/CO: 0.014349
LBFGS step 250/1000 Loss: -1876.619377 RMSE train: 0.016189 RMSE valid: 0.036775 best RMSE valid/CO: 0.014349
LBFGS step 251/1000 Loss: -1876.682259 RMSE train: 0.016161 RMSE valid: 0.037841 best RMSE valid/CO: 0.014349
LBFGS step 252/1000 Loss: -1877.005583 RMSE train: 0.016143 RMSE valid: 0.037741 best RMSE valid/CO: 0.014349
LBFGS step 253/1000 Loss: -1877.153953 RMSE train: 0.016002 RMSE valid: 0.039241 best RMSE valid/CO: 0.014349
LBFGS step 254/1000 Loss: -1878.138964 RMSE train: 0.015933 RMSE valid: 0.040058 best RMSE valid/CO: 0.014349
LBFGS step 255/1000 Loss: -1878.810929 RMSE train: 0.015875 RMSE valid: 0.039846 best RMSE valid/CO: 0.014349
LBFGS step 256/1000 Loss: -1879.439479 RMSE train: 0.015791 RMSE valid: 0.038629 best RMSE valid/CO: 0.014349
LBFGS step 257/1000 Loss: -1880.369783 RMSE train: 0.015854 RMSE valid: 0.034938 best RMSE valid/CO: 0.014349
LBFGS step 258/1000 Loss: -1883.382447 RMSE train: 0.015865 RMSE valid: 0.035549 best RMSE valid/CO: 0.014349
LBFGS step 259/1000 Loss: -1884.094993 RMSE train: 0.015904 RMSE valid: 0.034995 best RMSE valid/CO: 0.014349
LBFGS step 260/1000 Loss: -1884.808668 RMSE train: 0.015877 RMSE valid: 0.035579 best RMSE valid/CO: 0.014349
LBFGS step 261/1000 Loss: -1885.123901 RMSE train: 0.015850 RMSE valid: 0.034931 best RMSE valid/CO: 0.014349
LBFGS step 262/1000 Loss: -1885.472519 RMSE train: 0.015812 RMSE valid: 0.034803 best RMSE valid/CO: 0.014334
LBFGS step 263/1000 Loss: -1885.550836 RMSE train: 0.015771 RMSE valid: 0.035124 best RMSE valid/CO: 0.014334
LBFGS step 264/1000 Loss: -1885.688741 RMSE train: 0.015784 RMSE valid: 0.035089 best RMSE valid/CO: 0.014334
LBFGS step 265/1000 Loss: -1885.734680 RMSE train: 0.015776 RMSE valid: 0.035058 best RMSE valid/CO: 0.014334
LBFGS step 266/1000 Loss: -1885.796605 RMSE train: 0.015759 RMSE valid: 0.035404 best RMSE valid/CO: 0.014334
LBFGS step 267/1000 Loss: -1885.884410 RMSE train: 0.015798 RMSE valid: 0.035456 best RMSE valid/CO: 0.014334
LBFGS step 268/1000 Loss: -1885.990839 RMSE train: 0.015858 RMSE valid: 0.035309 best RMSE valid/CO: 0.014334
LBFGS step 269/1000 Loss: -1886.131722 RMSE train: 0.015897 RMSE valid: 0.035564 best RMSE valid/CO: 0.014334
LBFGS step 270/1000 Loss: -1886.241879 RMSE train: 0.015898 RMSE valid: 0.035506 best RMSE valid/CO: 0.014334
LBFGS step 271/1000 Loss: -1886.287115 RMSE train: 0.015889 RMSE valid: 0.035763 best RMSE valid/CO: 0.014334
LBFGS step 272/1000 Loss: -1886.393077 RMSE train: 0.015877 RMSE valid: 0.035874 best RMSE valid/CO: 0.014334
LBFGS step 273/1000 Loss: -1886.510782 RMSE train: 0.015848 RMSE valid: 0.035781 best RMSE valid/CO: 0.014334
LBFGS step 274/1000 Loss: -1886.772202 RMSE train: 0.015854 RMSE valid: 0.035589 best RMSE valid/CO: 0.014334
LBFGS step 275/1000 Loss: -1886.879468 RMSE train: 0.015857 RMSE valid: 0.035518 best RMSE valid/CO: 0.014334
LBFGS step 276/1000 Loss: -1886.997312 RMSE train: 0.015877 RMSE valid: 0.035159 best RMSE valid/CO: 0.014334
LBFGS step 277/1000 Loss: -1887.317912 RMSE train: 0.015892 RMSE valid: 0.035187 best RMSE valid/CO: 0.014334
LBFGS step 278/1000 Loss: -1887.529654 RMSE train: 0.015885 RMSE valid: 0.035292 best RMSE valid/CO: 0.014334
LBFGS step 279/1000 Loss: -1887.579205 RMSE train: 0.015880 RMSE valid: 0.035197 best RMSE valid/CO: 0.014334
LBFGS step 280/1000 Loss: -1887.591538 RMSE train: 0.015853 RMSE valid: 0.035392 best RMSE valid/CO: 0.014334
LBFGS step 281/1000 Loss: -1887.639794 RMSE train: 0.015842 RMSE valid: 0.035275 best RMSE valid/CO: 0.014334
LBFGS step 282/1000 Loss: -1887.699418 RMSE train: 0.015837 RMSE valid: 0.035210 best RMSE valid/CO: 0.014334
LBFGS step 283/1000 Loss: -1887.795522 RMSE train: 0.015813 RMSE valid: 0.035316 best RMSE valid/CO: 0.014334
LBFGS step 284/1000 Loss: -1887.902928 RMSE train: 0.015802 RMSE valid: 0.035287 best RMSE valid/CO: 0.014334
LBFGS step 285/1000 Loss: -1887.943261 RMSE train: 0.015802 RMSE valid: 0.035304 best RMSE valid/CO: 0.014334
LBFGS step 286/1000 Loss: -1887.957607 RMSE train: 0.015831 RMSE valid: 0.035371 best RMSE valid/CO: 0.014334
LBFGS step 287/1000 Loss: -1888.044670 RMSE train: 0.015828 RMSE valid: 0.035465 best RMSE valid/CO: 0.014334
LBFGS step 288/1000 Loss: -1888.057312 RMSE train: 0.015846 RMSE valid: 0.035790 best RMSE valid/CO: 0.014334
LBFGS step 289/1000 Loss: -1888.125452 RMSE train: 0.015857 RMSE valid: 0.035711 best RMSE valid/CO: 0.014334
LBFGS step 290/1000 Loss: -1888.178858 RMSE train: 0.015861 RMSE valid: 0.035572 best RMSE valid/CO: 0.014334
LBFGS step 291/1000 Loss: -1888.225474 RMSE train: 0.015868 RMSE valid: 0.035872 best RMSE valid/CO: 0.014334
LBFGS step 292/1000 Loss: -1888.274246 RMSE train: 0.015890 RMSE valid: 0.036003 best RMSE valid/CO: 0.014334
LBFGS step 293/1000 Loss: -1888.307280 RMSE train: 0.015895 RMSE valid: 0.035966 best RMSE valid/CO: 0.014334
LBFGS step 294/1000 Loss: -1888.315660 RMSE train: 0.015890 RMSE valid: 0.036068 best RMSE valid/CO: 0.014334
LBFGS step 295/1000 Loss: -1888.342478 RMSE train: 0.015892 RMSE valid: 0.035884 best RMSE valid/CO: 0.014334
LBFGS step 296/1000 Loss: -1888.394240 RMSE train: 0.015896 RMSE valid: 0.035900 best RMSE valid/CO: 0.014334
LBFGS step 297/1000 Loss: -1888.462256 RMSE train: 0.015906 RMSE valid: 0.035945 best RMSE valid/CO: 0.014334
LBFGS step 298/1000 Loss: -1888.488169 RMSE train: 0.015906 RMSE valid: 0.035847 best RMSE valid/CO: 0.014334
LBFGS step 299/1000 Loss: -1888.505710 RMSE train: 0.015903 RMSE valid: 0.035863 best RMSE valid/CO: 0.014334
LBFGS step 300/1000 Loss: -1888.523964 RMSE train: 0.015890 RMSE valid: 0.035736 best RMSE valid/CO: 0.014334
LBFGS step 301/1000 Loss: -1888.545802 RMSE train: 0.015882 RMSE valid: 0.035848 best RMSE valid/CO: 0.014334
LBFGS step 302/1000 Loss: -1888.556463 RMSE train: 0.015879 RMSE valid: 0.035731 best RMSE valid/CO: 0.014334
LBFGS step 303/1000 Loss: -1888.597462 RMSE train: 0.015855 RMSE valid: 0.035549 best RMSE valid/CO: 0.014334
LBFGS step 304/1000 Loss: -1888.624455 RMSE train: 0.015833 RMSE valid: 0.035562 best RMSE valid/CO: 0.014334
LBFGS step 305/1000 Loss: -1888.649843 RMSE train: 0.015836 RMSE valid: 0.035585 best RMSE valid/CO: 0.014334
LBFGS step 306/1000 Loss: -1888.662471 RMSE train: 0.015844 RMSE valid: 0.035585 best RMSE valid/CO: 0.014334
LBFGS step 307/1000 Loss: -1888.677984 RMSE train: 0.015849 RMSE valid: 0.035653 best RMSE valid/CO: 0.014334
LBFGS step 308/1000 Loss: -1888.684945 RMSE train: 0.015850 RMSE valid: 0.035650 best RMSE valid/CO: 0.014334
LBFGS step 309/1000 Loss: -1888.689203 RMSE train: 0.015852 RMSE valid: 0.035641 best RMSE valid/CO: 0.014334
LBFGS step 310/1000 Loss: -1888.691722 RMSE train: 0.015858 RMSE valid: 0.035673 best RMSE valid/CO: 0.014334
LBFGS step 311/1000 Loss: -1888.702315 RMSE train: 0.015879 RMSE valid: 0.035557 best RMSE valid/CO: 0.014334
Loss dropped by only 0.476841 (< loss_tol=0.5) over the last 20 steps, stopping (best RMSE valid=0.014334 at step 262).
Fold 2: best RMSE valid = 0.014334 (no test set given)

Fold 3/5
LBFGS step 1/1000 Loss: 749988.480830 RMSE train: 0.112110 RMSE valid: 0.512427 best RMSE valid/CO: 0.179567
LBFGS step 2/1000 Loss: 2368.913799 RMSE train: 0.083843 RMSE valid: 0.582108 best RMSE valid/CO: 0.130507
LBFGS step 3/1000 Loss: 427.313778 RMSE train: 0.074336 RMSE valid: 0.427099 best RMSE valid/CO: 0.103823
LBFGS step 4/1000 Loss: -187.526157 RMSE train: 0.072988 RMSE valid: 0.360873 best RMSE valid/CO: 0.103823
LBFGS step 5/1000 Loss: -330.857941 RMSE train: 0.076005 RMSE valid: 0.350314 best RMSE valid/CO: 0.094516
LBFGS step 6/1000 Loss: -516.944480 RMSE train: 0.071786 RMSE valid: 0.302517 best RMSE valid/CO: 0.088855
LBFGS step 7/1000 Loss: -911.994571 RMSE train: 0.063918 RMSE valid: 0.335232 best RMSE valid/CO: 0.086847
LBFGS step 8/1000 Loss: -973.963933 RMSE train: 0.061870 RMSE valid: 0.343737 best RMSE valid/CO: 0.083261
LBFGS step 9/1000 Loss: -986.919275 RMSE train: 0.061451 RMSE valid: 0.339553 best RMSE valid/CO: 0.079055
LBFGS step 10/1000 Loss: -990.620741 RMSE train: 0.061347 RMSE valid: 0.344312 best RMSE valid/CO: 0.079055
LBFGS step 11/1000 Loss: -992.905462 RMSE train: 0.060812 RMSE valid: 0.363553 best RMSE valid/CO: 0.079055
LBFGS step 12/1000 Loss: -1001.028650 RMSE train: 0.058720 RMSE valid: 0.344714 best RMSE valid/CO: 0.073534
LBFGS step 13/1000 Loss: -1022.577654 RMSE train: 0.051770 RMSE valid: 0.351137 best RMSE valid/CO: 0.063549
LBFGS step 14/1000 Loss: -1079.182013 RMSE train: 0.047974 RMSE valid: 0.397664 best RMSE valid/CO: 0.063549
LBFGS step 15/1000 Loss: -1117.364241 RMSE train: 0.046462 RMSE valid: 0.406896 best RMSE valid/CO: 0.062180
LBFGS step 16/1000 Loss: -1123.572406 RMSE train: 0.044279 RMSE valid: 0.385734 best RMSE valid/CO: 0.057006
LBFGS step 17/1000 Loss: -1143.500744 RMSE train: 0.041965 RMSE valid: 0.412428 best RMSE valid/CO: 0.055961
LBFGS step 18/1000 Loss: -1178.340334 RMSE train: 0.038891 RMSE valid: 0.385747 best RMSE valid/CO: 0.050408
LBFGS step 19/1000 Loss: -1246.565073 RMSE train: 0.036459 RMSE valid: 0.298079 best RMSE valid/CO: 0.040247
LBFGS step 20/1000 Loss: -1328.034144 RMSE train: 0.035455 RMSE valid: 0.273597 best RMSE valid/CO: 0.036594
LBFGS step 21/1000 Loss: -1378.218702 RMSE train: 0.034648 RMSE valid: 0.260379 best RMSE valid/CO: 0.035457
LBFGS step 22/1000 Loss: -1414.731595 RMSE train: 0.034701 RMSE valid: 0.292568 best RMSE valid/CO: 0.035457
LBFGS step 23/1000 Loss: -1440.093139 RMSE train: 0.034907 RMSE valid: 0.348344 best RMSE valid/CO: 0.035457
LBFGS step 24/1000 Loss: -1507.674984 RMSE train: 0.034778 RMSE valid: 0.355966 best RMSE valid/CO: 0.035457
LBFGS step 25/1000 Loss: -1524.393489 RMSE train: 0.034726 RMSE valid: 0.342169 best RMSE valid/CO: 0.035457
LBFGS step 26/1000 Loss: -1527.292981 RMSE train: 0.034754 RMSE valid: 0.310260 best RMSE valid/CO: 0.035457
LBFGS step 27/1000 Loss: -1532.825953 RMSE train: 0.034600 RMSE valid: 0.294218 best RMSE valid/CO: 0.035457
LBFGS step 28/1000 Loss: -1535.014408 RMSE train: 0.034590 RMSE valid: 0.287523 best RMSE valid/CO: 0.035457
LBFGS step 29/1000 Loss: -1536.516594 RMSE train: 0.033132 RMSE valid: 0.328716 best RMSE valid/CO: 0.035457
LBFGS step 30/1000 Loss: -1551.428710 RMSE train: 0.030537 RMSE valid: 0.384745 best RMSE valid/CO: 0.035457
LBFGS step 31/1000 Loss: -1580.281397 RMSE train: 0.028029 RMSE valid: 0.388682 best RMSE valid/CO: 0.035457
LBFGS step 32/1000 Loss: -1612.655950 RMSE train: 0.027332 RMSE valid: 0.326810 best RMSE valid/CO: 0.035457
LBFGS step 33/1000 Loss: -1626.327104 RMSE train: 0.026555 RMSE valid: 0.253769 best RMSE valid/CO: 0.034063
LBFGS step 34/1000 Loss: -1637.320076 RMSE train: 0.026593 RMSE valid: 0.248183 best RMSE valid/CO: 0.033554
LBFGS step 35/1000 Loss: -1637.841986 RMSE train: 0.026801 RMSE valid: 0.224837 best RMSE valid/CO: 0.031383
LBFGS step 36/1000 Loss: -1643.980546 RMSE train: 0.027045 RMSE valid: 0.203777 best RMSE valid/CO: 0.029644
LBFGS step 37/1000 Loss: -1648.328076 RMSE train: 0.027154 RMSE valid: 0.255629 best RMSE valid/CO: 0.029644
LBFGS step 38/1000 Loss: -1655.928240 RMSE train: 0.027575 RMSE valid: 0.284480 best RMSE valid/CO: 0.029644
LBFGS step 39/1000 Loss: -1661.626154 RMSE train: 0.027489 RMSE valid: 0.250018 best RMSE valid/CO: 0.029644
LBFGS step 40/1000 Loss: -1668.762460 RMSE train: 0.027328 RMSE valid: 0.214346 best RMSE valid/CO: 0.029644
LBFGS step 41/1000 Loss: -1674.526223 RMSE train: 0.027226 RMSE valid: 0.238962 best RMSE valid/CO: 0.029644
LBFGS step 42/1000 Loss: -1677.196116 RMSE train: 0.027133 RMSE valid: 0.256749 best RMSE valid/CO: 0.029644
LBFGS step 43/1000 Loss: -1680.107794 RMSE train: 0.027039 RMSE valid: 0.259050 best RMSE valid/CO: 0.029644
LBFGS step 44/1000 Loss: -1680.736357 RMSE train: 0.026611 RMSE valid: 0.263901 best RMSE valid/CO: 0.029644
LBFGS step 45/1000 Loss: -1683.481019 RMSE train: 0.026401 RMSE valid: 0.242041 best RMSE valid/CO: 0.029644
LBFGS step 46/1000 Loss: -1686.258008 RMSE train: 0.025873 RMSE valid: 0.205065 best RMSE valid/CO: 0.029623
LBFGS step 47/1000 Loss: -1692.689615 RMSE train: 0.025828 RMSE valid: 0.185362 best RMSE valid/CO: 0.028010
LBFGS step 48/1000 Loss: -1696.113637 RMSE train: 0.025724 RMSE valid: 0.221725 best RMSE valid/CO: 0.028010
LBFGS step 49/1000 Loss: -1704.283566 RMSE train: 0.025732 RMSE valid: 0.238338 best RMSE valid/CO: 0.028010
LBFGS step 50/1000 Loss: -1705.071554 RMSE train: 0.025584 RMSE valid: 0.254509 best RMSE valid/CO: 0.028010
LBFGS step 51/1000 Loss: -1706.233230 RMSE train: 0.024783 RMSE valid: 0.263320 best RMSE valid/CO: 0.028010
LBFGS step 52/1000 Loss: -1709.305111 RMSE train: 0.024315 RMSE valid: 0.235703 best RMSE valid/CO: 0.028010
LBFGS step 53/1000 Loss: -1712.575859 RMSE train: 0.024211 RMSE valid: 0.223619 best RMSE valid/CO: 0.028010
LBFGS step 54/1000 Loss: -1713.202036 RMSE train: 0.024087 RMSE valid: 0.207227 best RMSE valid/CO: 0.028010
LBFGS step 55/1000 Loss: -1714.487170 RMSE train: 0.023952 RMSE valid: 0.222881 best RMSE valid/CO: 0.028010
LBFGS step 56/1000 Loss: -1716.146997 RMSE train: 0.023941 RMSE valid: 0.238936 best RMSE valid/CO: 0.028010
LBFGS step 57/1000 Loss: -1717.027347 RMSE train: 0.023950 RMSE valid: 0.243139 best RMSE valid/CO: 0.028010
LBFGS step 58/1000 Loss: -1717.284793 RMSE train: 0.024018 RMSE valid: 0.262316 best RMSE valid/CO: 0.028010
LBFGS step 59/1000 Loss: -1718.172142 RMSE train: 0.024108 RMSE valid: 0.226676 best RMSE valid/CO: 0.028010
LBFGS step 60/1000 Loss: -1719.943828 RMSE train: 0.024158 RMSE valid: 0.219845 best RMSE valid/CO: 0.028010
LBFGS step 61/1000 Loss: -1720.880480 RMSE train: 0.024196 RMSE valid: 0.220126 best RMSE valid/CO: 0.028010
LBFGS step 62/1000 Loss: -1721.067314 RMSE train: 0.024356 RMSE valid: 0.229188 best RMSE valid/CO: 0.028010
LBFGS step 63/1000 Loss: -1721.579468 RMSE train: 0.024392 RMSE valid: 0.233588 best RMSE valid/CO: 0.028010
LBFGS step 64/1000 Loss: -1721.669185 RMSE train: 0.024484 RMSE valid: 0.237842 best RMSE valid/CO: 0.028010
LBFGS step 65/1000 Loss: -1722.124409 RMSE train: 0.024150 RMSE valid: 0.246315 best RMSE valid/CO: 0.028010
LBFGS step 66/1000 Loss: -1726.575987 RMSE train: 0.024018 RMSE valid: 0.245274 best RMSE valid/CO: 0.028010
LBFGS step 67/1000 Loss: -1727.536910 RMSE train: 0.023625 RMSE valid: 0.205975 best RMSE valid/CO: 0.028010
LBFGS step 68/1000 Loss: -1730.668075 RMSE train: 0.023488 RMSE valid: 0.200051 best RMSE valid/CO: 0.028010
LBFGS step 69/1000 Loss: -1731.645473 RMSE train: 0.023235 RMSE valid: 0.209227 best RMSE valid/CO: 0.028010
LBFGS step 70/1000 Loss: -1733.355842 RMSE train: 0.023208 RMSE valid: 0.231949 best RMSE valid/CO: 0.028010
LBFGS step 71/1000 Loss: -1734.189761 RMSE train: 0.023196 RMSE valid: 0.241834 best RMSE valid/CO: 0.028010
LBFGS step 72/1000 Loss: -1734.506165 RMSE train: 0.023250 RMSE valid: 0.248116 best RMSE valid/CO: 0.028010
LBFGS step 73/1000 Loss: -1734.903923 RMSE train: 0.023320 RMSE valid: 0.242819 best RMSE valid/CO: 0.028010
LBFGS step 74/1000 Loss: -1735.262399 RMSE train: 0.023346 RMSE valid: 0.231780 best RMSE valid/CO: 0.028010
LBFGS step 75/1000 Loss: -1735.405977 RMSE train: 0.023332 RMSE valid: 0.230312 best RMSE valid/CO: 0.028010
LBFGS step 76/1000 Loss: -1735.466857 RMSE train: 0.023278 RMSE valid: 0.230709 best RMSE valid/CO: 0.028010
LBFGS step 77/1000 Loss: -1735.899960 RMSE train: 0.023277 RMSE valid: 0.229542 best RMSE valid/CO: 0.028010
LBFGS step 78/1000 Loss: -1735.990112 RMSE train: 0.023272 RMSE valid: 0.231751 best RMSE valid/CO: 0.028010
LBFGS step 79/1000 Loss: -1736.083637 RMSE train: 0.023390 RMSE valid: 0.238650 best RMSE valid/CO: 0.028010
LBFGS step 80/1000 Loss: -1736.812611 RMSE train: 0.023374 RMSE valid: 0.238416 best RMSE valid/CO: 0.028010
LBFGS step 81/1000 Loss: -1736.879210 RMSE train: 0.023366 RMSE valid: 0.220690 best RMSE valid/CO: 0.028010
LBFGS step 82/1000 Loss: -1737.169280 RMSE train: 0.023348 RMSE valid: 0.218399 best RMSE valid/CO: 0.028010
LBFGS step 83/1000 Loss: -1737.222904 RMSE train: 0.023296 RMSE valid: 0.203241 best RMSE valid/CO: 0.028010
LBFGS step 84/1000 Loss: -1737.667351 RMSE train: 0.023183 RMSE valid: 0.210043 best RMSE valid/CO: 0.028010
LBFGS step 85/1000 Loss: -1738.832398 RMSE train: 0.023174 RMSE valid: 0.216111 best RMSE valid/CO: 0.028010
LBFGS step 86/1000 Loss: -1739.298430 RMSE train: 0.023172 RMSE valid: 0.225105 best RMSE valid/CO: 0.028010
LBFGS step 87/1000 Loss: -1739.507468 RMSE train: 0.023176 RMSE valid: 0.237646 best RMSE valid/CO: 0.028010
LBFGS step 88/1000 Loss: -1739.776296 RMSE train: 0.023181 RMSE valid: 0.240199 best RMSE valid/CO: 0.028010
LBFGS step 89/1000 Loss: -1739.960292 RMSE train: 0.023197 RMSE valid: 0.234647 best RMSE valid/CO: 0.028010
LBFGS step 90/1000 Loss: -1740.049506 RMSE train: 0.023201 RMSE valid: 0.231030 best RMSE valid/CO: 0.028010
LBFGS step 91/1000 Loss: -1740.094381 RMSE train: 0.023190 RMSE valid: 0.221167 best RMSE valid/CO: 0.028010
LBFGS step 92/1000 Loss: -1740.214312 RMSE train: 0.023169 RMSE valid: 0.214691 best RMSE valid/CO: 0.028010
LBFGS step 93/1000 Loss: -1740.319851 RMSE train: 0.023112 RMSE valid: 0.191712 best RMSE valid/CO: 0.028010
LBFGS step 94/1000 Loss: -1741.154377 RMSE train: 0.022866 RMSE valid: 0.186619 best RMSE valid/CO: 0.027933
LBFGS step 95/1000 Loss: -1743.683982 RMSE train: 0.022705 RMSE valid: 0.194151 best RMSE valid/CO: 0.027933
LBFGS step 96/1000 Loss: -1747.342028 RMSE train: 0.022545 RMSE valid: 0.243830 best RMSE valid/CO: 0.027933
LBFGS step 97/1000 Loss: -1750.553481 RMSE train: 0.022521 RMSE valid: 0.276746 best RMSE valid/CO: 0.027933
LBFGS step 98/1000 Loss: -1752.239172 RMSE train: 0.022540 RMSE valid: 0.268574 best RMSE valid/CO: 0.027933
LBFGS step 99/1000 Loss: -1754.939973 RMSE train: 0.022595 RMSE valid: 0.247724 best RMSE valid/CO: 0.027933
LBFGS step 100/1000 Loss: -1756.032685 RMSE train: 0.022582 RMSE valid: 0.220650 best RMSE valid/CO: 0.027933
LBFGS step 101/1000 Loss: -1756.509630 RMSE train: 0.022551 RMSE valid: 0.211403 best RMSE valid/CO: 0.027933
LBFGS step 102/1000 Loss: -1756.763936 RMSE train: 0.022503 RMSE valid: 0.218897 best RMSE valid/CO: 0.027933
LBFGS step 103/1000 Loss: -1757.003236 RMSE train: 0.022483 RMSE valid: 0.228846 best RMSE valid/CO: 0.027933
LBFGS step 104/1000 Loss: -1757.129120 RMSE train: 0.022364 RMSE valid: 0.217196 best RMSE valid/CO: 0.027933
LBFGS step 105/1000 Loss: -1757.928004 RMSE train: 0.022391 RMSE valid: 0.221817 best RMSE valid/CO: 0.027933
LBFGS step 106/1000 Loss: -1758.129870 RMSE train: 0.022400 RMSE valid: 0.235914 best RMSE valid/CO: 0.027933
LBFGS step 107/1000 Loss: -1758.664650 RMSE train: 0.022382 RMSE valid: 0.230741 best RMSE valid/CO: 0.027933
LBFGS step 108/1000 Loss: -1758.723352 RMSE train: 0.022375 RMSE valid: 0.230242 best RMSE valid/CO: 0.027933
LBFGS step 109/1000 Loss: -1758.765184 RMSE train: 0.022434 RMSE valid: 0.226139 best RMSE valid/CO: 0.027933
LBFGS step 110/1000 Loss: -1758.964496 RMSE train: 0.022440 RMSE valid: 0.221294 best RMSE valid/CO: 0.027933
LBFGS step 111/1000 Loss: -1759.128254 RMSE train: 0.022529 RMSE valid: 0.210839 best RMSE valid/CO: 0.027933
LBFGS step 112/1000 Loss: -1759.572563 RMSE train: 0.022549 RMSE valid: 0.224397 best RMSE valid/CO: 0.027933
LBFGS step 113/1000 Loss: -1760.413957 RMSE train: 0.022552 RMSE valid: 0.225696 best RMSE valid/CO: 0.027933
LBFGS step 114/1000 Loss: -1760.607631 RMSE train: 0.022537 RMSE valid: 0.230649 best RMSE valid/CO: 0.027933
LBFGS step 115/1000 Loss: -1760.654870 RMSE train: 0.022466 RMSE valid: 0.231416 best RMSE valid/CO: 0.027933
LBFGS step 116/1000 Loss: -1760.811607 RMSE train: 0.022430 RMSE valid: 0.225604 best RMSE valid/CO: 0.027933
LBFGS step 117/1000 Loss: -1760.899074 RMSE train: 0.022448 RMSE valid: 0.222699 best RMSE valid/CO: 0.027933
LBFGS step 118/1000 Loss: -1760.934385 RMSE train: 0.022405 RMSE valid: 0.225163 best RMSE valid/CO: 0.027933
LBFGS step 119/1000 Loss: -1761.080471 RMSE train: 0.022350 RMSE valid: 0.233020 best RMSE valid/CO: 0.027933
LBFGS step 120/1000 Loss: -1761.262010 RMSE train: 0.022324 RMSE valid: 0.236599 best RMSE valid/CO: 0.027933
LBFGS step 121/1000 Loss: -1761.348985 RMSE train: 0.022324 RMSE valid: 0.233037 best RMSE valid/CO: 0.027933
LBFGS step 122/1000 Loss: -1761.409395 RMSE train: 0.022339 RMSE valid: 0.226505 best RMSE valid/CO: 0.027933
LBFGS step 123/1000 Loss: -1761.447563 RMSE train: 0.022343 RMSE valid: 0.225539 best RMSE valid/CO: 0.027933
LBFGS step 124/1000 Loss: -1761.466465 RMSE train: 0.022347 RMSE valid: 0.227280 best RMSE valid/CO: 0.027933
LBFGS step 125/1000 Loss: -1761.501491 RMSE train: 0.022323 RMSE valid: 0.237541 best RMSE valid/CO: 0.027933
LBFGS step 126/1000 Loss: -1761.631581 RMSE train: 0.022322 RMSE valid: 0.243698 best RMSE valid/CO: 0.027933
LBFGS step 127/1000 Loss: -1761.801628 RMSE train: 0.022267 RMSE valid: 0.228648 best RMSE valid/CO: 0.027933
LBFGS step 128/1000 Loss: -1764.818401 RMSE train: 0.022175 RMSE valid: 0.223562 best RMSE valid/CO: 0.027933
LBFGS step 129/1000 Loss: -1765.653762 RMSE train: 0.021758 RMSE valid: 0.203176 best RMSE valid/CO: 0.027933
LBFGS step 130/1000 Loss: -1770.308660 RMSE train: 0.021790 RMSE valid: 0.209921 best RMSE valid/CO: 0.027933
LBFGS step 131/1000 Loss: -1770.843708 RMSE train: 0.021321 RMSE valid: 0.256118 best RMSE valid/CO: 0.027933
LBFGS step 132/1000 Loss: -1773.219717 RMSE train: 0.021202 RMSE valid: 0.203377 best RMSE valid/CO: 0.027933
LBFGS step 133/1000 Loss: -1774.861826 RMSE train: 0.021024 RMSE valid: 0.174510 best RMSE valid/CO: 0.026848
LBFGS step 134/1000 Loss: -1775.897888 RMSE train: 0.020916 RMSE valid: 0.174311 best RMSE valid/CO: 0.026848
LBFGS step 135/1000 Loss: -1776.166827 RMSE train: 0.020936 RMSE valid: 0.210701 best RMSE valid/CO: 0.026848
LBFGS step 136/1000 Loss: -1776.950086 RMSE train: 0.021007 RMSE valid: 0.215623 best RMSE valid/CO: 0.026848
LBFGS step 137/1000 Loss: -1777.158944 RMSE train: 0.021069 RMSE valid: 0.212139 best RMSE valid/CO: 0.026848
LBFGS step 138/1000 Loss: -1777.326903 RMSE train: 0.021165 RMSE valid: 0.208659 best RMSE valid/CO: 0.026848
LBFGS step 139/1000 Loss: -1777.449599 RMSE train: 0.021202 RMSE valid: 0.199172 best RMSE valid/CO: 0.026848
LBFGS step 140/1000 Loss: -1777.572533 RMSE train: 0.021119 RMSE valid: 0.178018 best RMSE valid/CO: 0.026848
LBFGS step 141/1000 Loss: -1777.833583 RMSE train: 0.021034 RMSE valid: 0.183196 best RMSE valid/CO: 0.026848
LBFGS step 142/1000 Loss: -1777.954619 RMSE train: 0.021039 RMSE valid: 0.194996 best RMSE valid/CO: 0.026848
LBFGS step 143/1000 Loss: -1778.045762 RMSE train: 0.021124 RMSE valid: 0.208008 best RMSE valid/CO: 0.026848
LBFGS step 144/1000 Loss: -1778.513902 RMSE train: 0.021203 RMSE valid: 0.208190 best RMSE valid/CO: 0.026848
LBFGS step 145/1000 Loss: -1778.855005 RMSE train: 0.021218 RMSE valid: 0.188985 best RMSE valid/CO: 0.026848
LBFGS step 146/1000 Loss: -1779.141307 RMSE train: 0.021150 RMSE valid: 0.196091 best RMSE valid/CO: 0.026848
LBFGS step 147/1000 Loss: -1779.287584 RMSE train: 0.021099 RMSE valid: 0.202183 best RMSE valid/CO: 0.026848
LBFGS step 148/1000 Loss: -1779.507007 RMSE train: 0.021030 RMSE valid: 0.174573 best RMSE valid/CO: 0.026848
LBFGS step 149/1000 Loss: -1780.069513 RMSE train: 0.020962 RMSE valid: 0.171163 best RMSE valid/CO: 0.026632
LBFGS step 150/1000 Loss: -1780.249815 RMSE train: 0.020824 RMSE valid: 0.164298 best RMSE valid/CO: 0.026102
LBFGS step 151/1000 Loss: -1780.641361 RMSE train: 0.020705 RMSE valid: 0.177838 best RMSE valid/CO: 0.026102
LBFGS step 152/1000 Loss: -1781.011626 RMSE train: 0.020652 RMSE valid: 0.204768 best RMSE valid/CO: 0.026102
LBFGS step 153/1000 Loss: -1781.592314 RMSE train: 0.020690 RMSE valid: 0.217947 best RMSE valid/CO: 0.026102
LBFGS step 154/1000 Loss: -1781.873215 RMSE train: 0.020823 RMSE valid: 0.216598 best RMSE valid/CO: 0.026102
LBFGS step 155/1000 Loss: -1782.423133 RMSE train: 0.020872 RMSE valid: 0.191955 best RMSE valid/CO: 0.026102
LBFGS step 156/1000 Loss: -1782.849166 RMSE train: 0.020875 RMSE valid: 0.186731 best RMSE valid/CO: 0.026102
LBFGS step 157/1000 Loss: -1782.912117 RMSE train: 0.020861 RMSE valid: 0.191673 best RMSE valid/CO: 0.026102
LBFGS step 158/1000 Loss: -1782.956125 RMSE train: 0.020874 RMSE valid: 0.199395 best RMSE valid/CO: 0.026102
LBFGS step 159/1000 Loss: -1783.006457 RMSE train: 0.020867 RMSE valid: 0.200378 best RMSE valid/CO: 0.026102
LBFGS step 160/1000 Loss: -1783.041372 RMSE train: 0.020847 RMSE valid: 0.191581 best RMSE valid/CO: 0.026102
LBFGS step 161/1000 Loss: -1783.153399 RMSE train: 0.020845 RMSE valid: 0.176806 best RMSE valid/CO: 0.026102
LBFGS step 162/1000 Loss: -1783.341197 RMSE train: 0.020792 RMSE valid: 0.160126 best RMSE valid/CO: 0.025859
LBFGS step 163/1000 Loss: -1783.552337 RMSE train: 0.020707 RMSE valid: 0.163837 best RMSE valid/CO: 0.025859
LBFGS step 164/1000 Loss: -1784.360692 RMSE train: 0.020683 RMSE valid: 0.173321 best RMSE valid/CO: 0.025859
LBFGS step 165/1000 Loss: -1784.880706 RMSE train: 0.020683 RMSE valid: 0.195850 best RMSE valid/CO: 0.025859
LBFGS step 166/1000 Loss: -1785.507833 RMSE train: 0.020733 RMSE valid: 0.204826 best RMSE valid/CO: 0.025859
LBFGS step 167/1000 Loss: -1786.270896 RMSE train: 0.020767 RMSE valid: 0.204479 best RMSE valid/CO: 0.025859
LBFGS step 168/1000 Loss: -1787.057466 RMSE train: 0.020697 RMSE valid: 0.191915 best RMSE valid/CO: 0.025859
LBFGS step 169/1000 Loss: -1787.438346 RMSE train: 0.020623 RMSE valid: 0.168238 best RMSE valid/CO: 0.025859
LBFGS step 170/1000 Loss: -1788.022986 RMSE train: 0.020620 RMSE valid: 0.161667 best RMSE valid/CO: 0.025859
LBFGS step 171/1000 Loss: -1788.285991 RMSE train: 0.020644 RMSE valid: 0.186496 best RMSE valid/CO: 0.025859
LBFGS step 172/1000 Loss: -1788.692704 RMSE train: 0.020608 RMSE valid: 0.193797 best RMSE valid/CO: 0.025859
LBFGS step 173/1000 Loss: -1788.820129 RMSE train: 0.020572 RMSE valid: 0.200215 best RMSE valid/CO: 0.025859
LBFGS step 174/1000 Loss: -1789.062952 RMSE train: 0.020567 RMSE valid: 0.194169 best RMSE valid/CO: 0.025859
LBFGS step 175/1000 Loss: -1789.120203 RMSE train: 0.020548 RMSE valid: 0.189944 best RMSE valid/CO: 0.025859
LBFGS step 176/1000 Loss: -1789.176906 RMSE train: 0.020580 RMSE valid: 0.178664 best RMSE valid/CO: 0.025859
LBFGS step 177/1000 Loss: -1789.326615 RMSE train: 0.020605 RMSE valid: 0.189737 best RMSE valid/CO: 0.025859
LBFGS step 178/1000 Loss: -1789.459443 RMSE train: 0.020619 RMSE valid: 0.192411 best RMSE valid/CO: 0.025859
LBFGS step 179/1000 Loss: -1789.506490 RMSE train: 0.020597 RMSE valid: 0.198424 best RMSE valid/CO: 0.025859
LBFGS step 180/1000 Loss: -1789.577129 RMSE train: 0.020602 RMSE valid: 0.197831 best RMSE valid/CO: 0.025859
LBFGS step 181/1000 Loss: -1789.589072 RMSE train: 0.020640 RMSE valid: 0.178553 best RMSE valid/CO: 0.025859
LBFGS step 182/1000 Loss: -1789.888582 RMSE train: 0.020624 RMSE valid: 0.179200 best RMSE valid/CO: 0.025859
LBFGS step 183/1000 Loss: -1790.075650 RMSE train: 0.020621 RMSE valid: 0.195151 best RMSE valid/CO: 0.025859
LBFGS step 184/1000 Loss: -1790.241018 RMSE train: 0.020640 RMSE valid: 0.202571 best RMSE valid/CO: 0.025859
LBFGS step 185/1000 Loss: -1790.335035 RMSE train: 0.020700 RMSE valid: 0.190424 best RMSE valid/CO: 0.025859
LBFGS step 186/1000 Loss: -1790.917500 RMSE train: 0.020684 RMSE valid: 0.198788 best RMSE valid/CO: 0.025859
LBFGS step 187/1000 Loss: -1791.048159 RMSE train: 0.020672 RMSE valid: 0.210864 best RMSE valid/CO: 0.025859
LBFGS step 188/1000 Loss: -1791.271910 RMSE train: 0.020680 RMSE valid: 0.201729 best RMSE valid/CO: 0.025859
LBFGS step 189/1000 Loss: -1791.442639 RMSE train: 0.020670 RMSE valid: 0.194901 best RMSE valid/CO: 0.025859
LBFGS step 190/1000 Loss: -1791.505529 RMSE train: 0.020638 RMSE valid: 0.191774 best RMSE valid/CO: 0.025859
LBFGS step 191/1000 Loss: -1791.620938 RMSE train: 0.020592 RMSE valid: 0.205070 best RMSE valid/CO: 0.025859
LBFGS step 192/1000 Loss: -1791.853944 RMSE train: 0.020566 RMSE valid: 0.212785 best RMSE valid/CO: 0.025859
LBFGS step 193/1000 Loss: -1791.929793 RMSE train: 0.020506 RMSE valid: 0.216091 best RMSE valid/CO: 0.025859
LBFGS step 194/1000 Loss: -1792.260281 RMSE train: 0.020468 RMSE valid: 0.200760 best RMSE valid/CO: 0.025859
LBFGS step 195/1000 Loss: -1792.712804 RMSE train: 0.020474 RMSE valid: 0.191758 best RMSE valid/CO: 0.025859
LBFGS step 196/1000 Loss: -1792.770807 RMSE train: 0.020488 RMSE valid: 0.188482 best RMSE valid/CO: 0.025859
LBFGS step 197/1000 Loss: -1792.847335 RMSE train: 0.020564 RMSE valid: 0.188630 best RMSE valid/CO: 0.025859
LBFGS step 198/1000 Loss: -1793.008695 RMSE train: 0.020587 RMSE valid: 0.195424 best RMSE valid/CO: 0.025859
LBFGS step 199/1000 Loss: -1793.063250 RMSE train: 0.020598 RMSE valid: 0.200180 best RMSE valid/CO: 0.025859
LBFGS step 200/1000 Loss: -1793.113530 RMSE train: 0.020578 RMSE valid: 0.202257 best RMSE valid/CO: 0.025859
LBFGS step 201/1000 Loss: -1793.159953 RMSE train: 0.020553 RMSE valid: 0.196532 best RMSE valid/CO: 0.025859
LBFGS step 202/1000 Loss: -1793.215484 RMSE train: 0.020539 RMSE valid: 0.194689 best RMSE valid/CO: 0.025859
LBFGS step 203/1000 Loss: -1793.224259 RMSE train: 0.020528 RMSE valid: 0.188901 best RMSE valid/CO: 0.025859
LBFGS step 204/1000 Loss: -1793.264694 RMSE train: 0.020528 RMSE valid: 0.188945 best RMSE valid/CO: 0.025859
LBFGS step 205/1000 Loss: -1793.288323 RMSE train: 0.020535 RMSE valid: 0.192762 best RMSE valid/CO: 0.025859
LBFGS step 206/1000 Loss: -1793.302662 RMSE train: 0.020531 RMSE valid: 0.194986 best RMSE valid/CO: 0.025859
LBFGS step 207/1000 Loss: -1793.312853 RMSE train: 0.020505 RMSE valid: 0.198957 best RMSE valid/CO: 0.025859
LBFGS step 208/1000 Loss: -1793.361473 RMSE train: 0.020483 RMSE valid: 0.198631 best RMSE valid/CO: 0.025859
LBFGS step 209/1000 Loss: -1793.382327 RMSE train: 0.020449 RMSE valid: 0.189077 best RMSE valid/CO: 0.025859
LBFGS step 210/1000 Loss: -1793.455492 RMSE train: 0.020458 RMSE valid: 0.186537 best RMSE valid/CO: 0.025859
LBFGS step 211/1000 Loss: -1793.524084 RMSE train: 0.020464 RMSE valid: 0.181109 best RMSE valid/CO: 0.025859
LBFGS step 212/1000 Loss: -1793.564951 RMSE train: 0.020482 RMSE valid: 0.191305 best RMSE valid/CO: 0.025859
LBFGS step 213/1000 Loss: -1793.657237 RMSE train: 0.020481 RMSE valid: 0.194794 best RMSE valid/CO: 0.025859
LBFGS step 214/1000 Loss: -1793.701895 RMSE train: 0.020477 RMSE valid: 0.200912 best RMSE valid/CO: 0.025859
LBFGS step 215/1000 Loss: -1793.779037 RMSE train: 0.020452 RMSE valid: 0.212217 best RMSE valid/CO: 0.025859
LBFGS step 216/1000 Loss: -1794.082020 RMSE train: 0.020473 RMSE valid: 0.200422 best RMSE valid/CO: 0.025859
LBFGS step 217/1000 Loss: -1794.272049 RMSE train: 0.020449 RMSE valid: 0.192716 best RMSE valid/CO: 0.025859
LBFGS step 218/1000 Loss: -1794.357172 RMSE train: 0.020426 RMSE valid: 0.177713 best RMSE valid/CO: 0.025859
LBFGS step 219/1000 Loss: -1794.477091 RMSE train: 0.020339 RMSE valid: 0.172599 best RMSE valid/CO: 0.025859
LBFGS step 220/1000 Loss: -1794.695838 RMSE train: 0.020313 RMSE valid: 0.179043 best RMSE valid/CO: 0.025859
LBFGS step 221/1000 Loss: -1794.956287 RMSE train: 0.020302 RMSE valid: 0.192734 best RMSE valid/CO: 0.025859
LBFGS step 222/1000 Loss: -1795.108929 RMSE train: 0.020319 RMSE valid: 0.199733 best RMSE valid/CO: 0.025859
LBFGS step 223/1000 Loss: -1795.213127 RMSE train: 0.020358 RMSE valid: 0.203745 best RMSE valid/CO: 0.025859
LBFGS step 224/1000 Loss: -1795.417412 RMSE train: 0.020371 RMSE valid: 0.193233 best RMSE valid/CO: 0.025859
LBFGS step 225/1000 Loss: -1795.480289 RMSE train: 0.020366 RMSE valid: 0.191421 best RMSE valid/CO: 0.025859
LBFGS step 226/1000 Loss: -1795.496142 RMSE train: 0.020358 RMSE valid: 0.188768 best RMSE valid/CO: 0.025859
LBFGS step 227/1000 Loss: -1795.513002 RMSE train: 0.020380 RMSE valid: 0.188689 best RMSE valid/CO: 0.025859
LBFGS step 228/1000 Loss: -1795.572459 RMSE train: 0.020402 RMSE valid: 0.187929 best RMSE valid/CO: 0.025859
LBFGS step 229/1000 Loss: -1795.629777 RMSE train: 0.020446 RMSE valid: 0.193819 best RMSE valid/CO: 0.025859
LBFGS step 230/1000 Loss: -1795.699131 RMSE train: 0.020454 RMSE valid: 0.194757 best RMSE valid/CO: 0.025859
LBFGS step 231/1000 Loss: -1795.730666 RMSE train: 0.020413 RMSE valid: 0.190337 best RMSE valid/CO: 0.025859
LBFGS step 232/1000 Loss: -1795.915690 RMSE train: 0.020456 RMSE valid: 0.200552 best RMSE valid/CO: 0.025859
LBFGS step 233/1000 Loss: -1796.037620 RMSE train: 0.020463 RMSE valid: 0.202473 best RMSE valid/CO: 0.025859
LBFGS step 234/1000 Loss: -1796.092044 RMSE train: 0.020458 RMSE valid: 0.202648 best RMSE valid/CO: 0.025859
LBFGS step 235/1000 Loss: -1796.233360 RMSE train: 0.020442 RMSE valid: 0.197617 best RMSE valid/CO: 0.025859
LBFGS step 236/1000 Loss: -1796.293321 RMSE train: 0.020433 RMSE valid: 0.195290 best RMSE valid/CO: 0.025859
LBFGS step 237/1000 Loss: -1796.313713 RMSE train: 0.020413 RMSE valid: 0.190329 best RMSE valid/CO: 0.025859
LBFGS step 238/1000 Loss: -1796.347805 RMSE train: 0.020373 RMSE valid: 0.190693 best RMSE valid/CO: 0.025859
LBFGS step 239/1000 Loss: -1796.506009 RMSE train: 0.020337 RMSE valid: 0.191696 best RMSE valid/CO: 0.025859
LBFGS step 240/1000 Loss: -1796.602042 RMSE train: 0.020339 RMSE valid: 0.194371 best RMSE valid/CO: 0.025859
LBFGS step 241/1000 Loss: -1796.634270 RMSE train: 0.020344 RMSE valid: 0.194463 best RMSE valid/CO: 0.025859
LBFGS step 242/1000 Loss: -1796.643679 RMSE train: 0.020360 RMSE valid: 0.190501 best RMSE valid/CO: 0.025859
LBFGS step 243/1000 Loss: -1796.674544 RMSE train: 0.020354 RMSE valid: 0.192106 best RMSE valid/CO: 0.025859
LBFGS step 244/1000 Loss: -1796.681483 RMSE train: 0.020352 RMSE valid: 0.194138 best RMSE valid/CO: 0.025859
LBFGS step 245/1000 Loss: -1796.691413 RMSE train: 0.020359 RMSE valid: 0.192198 best RMSE valid/CO: 0.025859
LBFGS step 246/1000 Loss: -1796.709278 RMSE train: 0.020364 RMSE valid: 0.192573 best RMSE valid/CO: 0.025859
LBFGS step 247/1000 Loss: -1796.715271 RMSE train: 0.020383 RMSE valid: 0.196990 best RMSE valid/CO: 0.025859
LBFGS step 248/1000 Loss: -1796.746024 RMSE train: 0.020392 RMSE valid: 0.201489 best RMSE valid/CO: 0.025859
LBFGS step 249/1000 Loss: -1796.771204 RMSE train: 0.020362 RMSE valid: 0.194358 best RMSE valid/CO: 0.025859
LBFGS step 250/1000 Loss: -1796.982835 RMSE train: 0.020338 RMSE valid: 0.183498 best RMSE valid/CO: 0.025859
LBFGS step 251/1000 Loss: -1797.162151 RMSE train: 0.020271 RMSE valid: 0.186854 best RMSE valid/CO: 0.025859
LBFGS step 252/1000 Loss: -1797.414123 RMSE train: 0.020268 RMSE valid: 0.187056 best RMSE valid/CO: 0.025859
LBFGS step 253/1000 Loss: -1797.438488 RMSE train: 0.020241 RMSE valid: 0.191021 best RMSE valid/CO: 0.025859
LBFGS step 254/1000 Loss: -1797.497897 RMSE train: 0.020232 RMSE valid: 0.207646 best RMSE valid/CO: 0.025859
LBFGS step 255/1000 Loss: -1797.877961 RMSE train: 0.020265 RMSE valid: 0.199019 best RMSE valid/CO: 0.025859
LBFGS step 256/1000 Loss: -1798.007307 RMSE train: 0.020258 RMSE valid: 0.194409 best RMSE valid/CO: 0.025859
LBFGS step 257/1000 Loss: -1798.066073 RMSE train: 0.020208 RMSE valid: 0.183552 best RMSE valid/CO: 0.025859
LBFGS step 258/1000 Loss: -1798.262269 RMSE train: 0.020224 RMSE valid: 0.177542 best RMSE valid/CO: 0.025859
LBFGS step 259/1000 Loss: -1798.303153 RMSE train: 0.020203 RMSE valid: 0.177861 best RMSE valid/CO: 0.025859
LBFGS step 260/1000 Loss: -1798.386981 RMSE train: 0.020184 RMSE valid: 0.165993 best RMSE valid/CO: 0.025859
LBFGS step 261/1000 Loss: -1799.026827 RMSE train: 0.020169 RMSE valid: 0.174847 best RMSE valid/CO: 0.025859
LBFGS step 262/1000 Loss: -1799.359556 RMSE train: 0.020138 RMSE valid: 0.196212 best RMSE valid/CO: 0.025859
LBFGS step 263/1000 Loss: -1799.739714 RMSE train: 0.020108 RMSE valid: 0.220741 best RMSE valid/CO: 0.025859
LBFGS step 264/1000 Loss: -1800.131139 RMSE train: 0.020089 RMSE valid: 0.217930 best RMSE valid/CO: 0.025859
LBFGS step 265/1000 Loss: -1800.770621 RMSE train: 0.020105 RMSE valid: 0.205545 best RMSE valid/CO: 0.025859
LBFGS step 266/1000 Loss: -1801.079729 RMSE train: 0.020083 RMSE valid: 0.191416 best RMSE valid/CO: 0.025859
LBFGS step 267/1000 Loss: -1801.243834 RMSE train: 0.020082 RMSE valid: 0.185396 best RMSE valid/CO: 0.025859
LBFGS step 268/1000 Loss: -1801.285200 RMSE train: 0.020063 RMSE valid: 0.183272 best RMSE valid/CO: 0.025859
LBFGS step 269/1000 Loss: -1801.339976 RMSE train: 0.020068 RMSE valid: 0.189864 best RMSE valid/CO: 0.025859
LBFGS step 270/1000 Loss: -1801.421913 RMSE train: 0.020070 RMSE valid: 0.200786 best RMSE valid/CO: 0.025859
LBFGS step 271/1000 Loss: -1801.529643 RMSE train: 0.020113 RMSE valid: 0.202653 best RMSE valid/CO: 0.025859
LBFGS step 272/1000 Loss: -1801.696438 RMSE train: 0.020116 RMSE valid: 0.203733 best RMSE valid/CO: 0.025859
LBFGS step 273/1000 Loss: -1801.749480 RMSE train: 0.020113 RMSE valid: 0.190111 best RMSE valid/CO: 0.025859
LBFGS step 274/1000 Loss: -1801.858577 RMSE train: 0.020103 RMSE valid: 0.189948 best RMSE valid/CO: 0.025859
LBFGS step 275/1000 Loss: -1801.873844 RMSE train: 0.020076 RMSE valid: 0.189966 best RMSE valid/CO: 0.025859
LBFGS step 276/1000 Loss: -1801.921651 RMSE train: 0.020078 RMSE valid: 0.192783 best RMSE valid/CO: 0.025859
LBFGS step 277/1000 Loss: -1801.928636 RMSE train: 0.020079 RMSE valid: 0.194129 best RMSE valid/CO: 0.025859
LBFGS step 278/1000 Loss: -1801.933438 RMSE train: 0.020085 RMSE valid: 0.193899 best RMSE valid/CO: 0.025859
LBFGS step 279/1000 Loss: -1801.949635 RMSE train: 0.020083 RMSE valid: 0.191944 best RMSE valid/CO: 0.025859
LBFGS step 280/1000 Loss: -1801.957316 RMSE train: 0.020074 RMSE valid: 0.187113 best RMSE valid/CO: 0.025859
LBFGS step 281/1000 Loss: -1801.979110 RMSE train: 0.020052 RMSE valid: 0.186153 best RMSE valid/CO: 0.025859
LBFGS step 282/1000 Loss: -1802.015843 RMSE train: 0.020045 RMSE valid: 0.188981 best RMSE valid/CO: 0.025859
LBFGS step 283/1000 Loss: -1802.036769 RMSE train: 0.020040 RMSE valid: 0.196166 best RMSE valid/CO: 0.025859
LBFGS step 284/1000 Loss: -1802.074754 RMSE train: 0.020058 RMSE valid: 0.197382 best RMSE valid/CO: 0.025859
LBFGS step 285/1000 Loss: -1802.096756 RMSE train: 0.020055 RMSE valid: 0.204255 best RMSE valid/CO: 0.025859
LBFGS step 286/1000 Loss: -1802.124747 RMSE train: 0.020039 RMSE valid: 0.209601 best RMSE valid/CO: 0.025859
LBFGS step 287/1000 Loss: -1802.199107 RMSE train: 0.020016 RMSE valid: 0.209269 best RMSE valid/CO: 0.025859
LBFGS step 288/1000 Loss: -1802.373470 RMSE train: 0.019981 RMSE valid: 0.185464 best RMSE valid/CO: 0.025859
LBFGS step 289/1000 Loss: -1802.886799 RMSE train: 0.020021 RMSE valid: 0.178258 best RMSE valid/CO: 0.025859
LBFGS step 290/1000 Loss: -1803.227575 RMSE train: 0.020045 RMSE valid: 0.176816 best RMSE valid/CO: 0.025859
LBFGS step 291/1000 Loss: -1803.378995 RMSE train: 0.020047 RMSE valid: 0.196218 best RMSE valid/CO: 0.025859
LBFGS step 292/1000 Loss: -1803.579074 RMSE train: 0.020037 RMSE valid: 0.197528 best RMSE valid/CO: 0.025859
LBFGS step 293/1000 Loss: -1803.594197 RMSE train: 0.020018 RMSE valid: 0.200349 best RMSE valid/CO: 0.025859
LBFGS step 294/1000 Loss: -1803.649885 RMSE train: 0.020002 RMSE valid: 0.198918 best RMSE valid/CO: 0.025859
LBFGS step 295/1000 Loss: -1803.683664 RMSE train: 0.019973 RMSE valid: 0.190188 best RMSE valid/CO: 0.025859
LBFGS step 296/1000 Loss: -1803.804306 RMSE train: 0.019989 RMSE valid: 0.185365 best RMSE valid/CO: 0.025859
LBFGS step 297/1000 Loss: -1803.857828 RMSE train: 0.019998 RMSE valid: 0.187482 best RMSE valid/CO: 0.025859
LBFGS step 298/1000 Loss: -1803.883354 RMSE train: 0.019996 RMSE valid: 0.193429 best RMSE valid/CO: 0.025859
LBFGS step 299/1000 Loss: -1803.909971 RMSE train: 0.019987 RMSE valid: 0.194596 best RMSE valid/CO: 0.025859
LBFGS step 300/1000 Loss: -1803.919867 RMSE train: 0.019984 RMSE valid: 0.194818 best RMSE valid/CO: 0.025859
LBFGS step 301/1000 Loss: -1803.921917 RMSE train: 0.019957 RMSE valid: 0.191650 best RMSE valid/CO: 0.025859
LBFGS step 302/1000 Loss: -1803.940373 RMSE train: 0.019953 RMSE valid: 0.189889 best RMSE valid/CO: 0.025859
LBFGS step 303/1000 Loss: -1803.952795 RMSE train: 0.019913 RMSE valid: 0.184745 best RMSE valid/CO: 0.025859
LBFGS step 304/1000 Loss: -1803.997310 RMSE train: 0.019927 RMSE valid: 0.190730 best RMSE valid/CO: 0.025859
LBFGS step 305/1000 Loss: -1804.028135 RMSE train: 0.019927 RMSE valid: 0.193356 best RMSE valid/CO: 0.025859
LBFGS step 306/1000 Loss: -1804.035988 RMSE train: 0.019926 RMSE valid: 0.199232 best RMSE valid/CO: 0.025859
LBFGS step 307/1000 Loss: -1804.063341 RMSE train: 0.019888 RMSE valid: 0.206471 best RMSE valid/CO: 0.025859
LBFGS step 308/1000 Loss: -1804.146753 RMSE train: 0.019871 RMSE valid: 0.206558 best RMSE valid/CO: 0.025859
LBFGS step 309/1000 Loss: -1804.210077 RMSE train: 0.019840 RMSE valid: 0.189073 best RMSE valid/CO: 0.025859
LBFGS step 310/1000 Loss: -1804.401446 RMSE train: 0.019823 RMSE valid: 0.184640 best RMSE valid/CO: 0.025859
LBFGS step 311/1000 Loss: -1804.453006 RMSE train: 0.019787 RMSE valid: 0.188631 best RMSE valid/CO: 0.025859
LBFGS step 312/1000 Loss: -1804.544390 RMSE train: 0.019795 RMSE valid: 0.198416 best RMSE valid/CO: 0.025859
LBFGS step 313/1000 Loss: -1804.658787 RMSE train: 0.019822 RMSE valid: 0.197858 best RMSE valid/CO: 0.025859
LBFGS step 314/1000 Loss: -1804.717847 RMSE train: 0.019822 RMSE valid: 0.201299 best RMSE valid/CO: 0.025859
LBFGS step 315/1000 Loss: -1804.775562 RMSE train: 0.019789 RMSE valid: 0.203524 best RMSE valid/CO: 0.025859
LBFGS step 316/1000 Loss: -1804.852081 RMSE train: 0.019750 RMSE valid: 0.189376 best RMSE valid/CO: 0.025859
LBFGS step 317/1000 Loss: -1805.033372 RMSE train: 0.019734 RMSE valid: 0.184389 best RMSE valid/CO: 0.025859
LBFGS step 318/1000 Loss: -1805.111241 RMSE train: 0.019667 RMSE valid: 0.169827 best RMSE valid/CO: 0.025859
LBFGS step 319/1000 Loss: -1805.294556 RMSE train: 0.019624 RMSE valid: 0.170215 best RMSE valid/CO: 0.025859
LBFGS step 320/1000 Loss: -1805.686943 RMSE train: 0.019567 RMSE valid: 0.175276 best RMSE valid/CO: 0.025859
LBFGS step 321/1000 Loss: -1806.466731 RMSE train: 0.019558 RMSE valid: 0.189354 best RMSE valid/CO: 0.025859
LBFGS step 322/1000 Loss: -1806.654084 RMSE train: 0.019578 RMSE valid: 0.205417 best RMSE valid/CO: 0.025859
LBFGS step 323/1000 Loss: -1806.929448 RMSE train: 0.019630 RMSE valid: 0.215644 best RMSE valid/CO: 0.025859
LBFGS step 324/1000 Loss: -1807.297747 RMSE train: 0.019656 RMSE valid: 0.201065 best RMSE valid/CO: 0.025859
LBFGS step 325/1000 Loss: -1807.666216 RMSE train: 0.019666 RMSE valid: 0.196117 best RMSE valid/CO: 0.025859
LBFGS step 326/1000 Loss: -1807.748518 RMSE train: 0.019666 RMSE valid: 0.190715 best RMSE valid/CO: 0.025859
LBFGS step 327/1000 Loss: -1807.765540 RMSE train: 0.019667 RMSE valid: 0.191464 best RMSE valid/CO: 0.025859
LBFGS step 328/1000 Loss: -1807.776621 RMSE train: 0.019657 RMSE valid: 0.195738 best RMSE valid/CO: 0.025859
LBFGS step 329/1000 Loss: -1807.871445 RMSE train: 0.019641 RMSE valid: 0.191409 best RMSE valid/CO: 0.025859
LBFGS step 330/1000 Loss: -1807.949179 RMSE train: 0.019611 RMSE valid: 0.189754 best RMSE valid/CO: 0.025859
LBFGS step 331/1000 Loss: -1808.020267 RMSE train: 0.019619 RMSE valid: 0.199183 best RMSE valid/CO: 0.025859
LBFGS step 332/1000 Loss: -1808.086479 RMSE train: 0.019618 RMSE valid: 0.200944 best RMSE valid/CO: 0.025859
LBFGS step 333/1000 Loss: -1808.114483 RMSE train: 0.019631 RMSE valid: 0.197405 best RMSE valid/CO: 0.025859
LBFGS step 334/1000 Loss: -1808.180690 RMSE train: 0.019637 RMSE valid: 0.194016 best RMSE valid/CO: 0.025859
LBFGS step 335/1000 Loss: -1808.190160 RMSE train: 0.019634 RMSE valid: 0.191360 best RMSE valid/CO: 0.025859
LBFGS step 336/1000 Loss: -1808.199329 RMSE train: 0.019634 RMSE valid: 0.197134 best RMSE valid/CO: 0.025859
LBFGS step 337/1000 Loss: -1808.225149 RMSE train: 0.019634 RMSE valid: 0.196760 best RMSE valid/CO: 0.025859
LBFGS step 338/1000 Loss: -1808.227934 RMSE train: 0.019635 RMSE valid: 0.194554 best RMSE valid/CO: 0.025859
LBFGS step 339/1000 Loss: -1808.234356 RMSE train: 0.019636 RMSE valid: 0.194043 best RMSE valid/CO: 0.025859
LBFGS step 340/1000 Loss: -1808.235562 RMSE train: 0.019640 RMSE valid: 0.193087 best RMSE valid/CO: 0.025859
LBFGS step 341/1000 Loss: -1808.242065 RMSE train: 0.019641 RMSE valid: 0.192981 best RMSE valid/CO: 0.025859
LBFGS step 342/1000 Loss: -1808.243397 RMSE train: 0.019642 RMSE valid: 0.195062 best RMSE valid/CO: 0.025859
LBFGS step 343/1000 Loss: -1808.249084 RMSE train: 0.019637 RMSE valid: 0.196354 best RMSE valid/CO: 0.025859
LBFGS step 344/1000 Loss: -1808.252612 RMSE train: 0.019634 RMSE valid: 0.199212 best RMSE valid/CO: 0.025859
LBFGS step 345/1000 Loss: -1808.267751 RMSE train: 0.019593 RMSE valid: 0.190483 best RMSE valid/CO: 0.025859
LBFGS step 346/1000 Loss: -1808.373169 RMSE train: 0.019589 RMSE valid: 0.188038 best RMSE valid/CO: 0.025859
LBFGS step 347/1000 Loss: -1808.386954 RMSE train: 0.019592 RMSE valid: 0.183072 best RMSE valid/CO: 0.025859
LBFGS step 348/1000 Loss: -1808.416188 RMSE train: 0.019599 RMSE valid: 0.181795 best RMSE valid/CO: 0.025859
LBFGS step 349/1000 Loss: -1808.454202 RMSE train: 0.019607 RMSE valid: 0.194290 best RMSE valid/CO: 0.025859
LBFGS step 350/1000 Loss: -1808.530878 RMSE train: 0.019614 RMSE valid: 0.195291 best RMSE valid/CO: 0.025859
LBFGS step 351/1000 Loss: -1808.542168 RMSE train: 0.019609 RMSE valid: 0.197609 best RMSE valid/CO: 0.025859
LBFGS step 352/1000 Loss: -1808.749501 RMSE train: 0.019612 RMSE valid: 0.196704 best RMSE valid/CO: 0.025859
LBFGS step 353/1000 Loss: -1808.767648 RMSE train: 0.019614 RMSE valid: 0.189590 best RMSE valid/CO: 0.025859
LBFGS step 354/1000 Loss: -1808.798838 RMSE train: 0.019615 RMSE valid: 0.188728 best RMSE valid/CO: 0.025859
LBFGS step 355/1000 Loss: -1808.810740 RMSE train: 0.019606 RMSE valid: 0.188967 best RMSE valid/CO: 0.025859
LBFGS step 356/1000 Loss: -1808.827477 RMSE train: 0.019587 RMSE valid: 0.195532 best RMSE valid/CO: 0.025859
LBFGS step 357/1000 Loss: -1808.861143 RMSE train: 0.019579 RMSE valid: 0.196301 best RMSE valid/CO: 0.025859
LBFGS step 358/1000 Loss: -1808.873060 RMSE train: 0.019579 RMSE valid: 0.195833 best RMSE valid/CO: 0.025859
LBFGS step 359/1000 Loss: -1808.877475 RMSE train: 0.019579 RMSE valid: 0.192178 best RMSE valid/CO: 0.025859
LBFGS step 360/1000 Loss: -1808.886578 RMSE train: 0.019585 RMSE valid: 0.189329 best RMSE valid/CO: 0.025859
LBFGS step 361/1000 Loss: -1808.895285 RMSE train: 0.019593 RMSE valid: 0.188264 best RMSE valid/CO: 0.025859
LBFGS step 362/1000 Loss: -1808.902390 RMSE train: 0.019605 RMSE valid: 0.189643 best RMSE valid/CO: 0.025859
LBFGS step 363/1000 Loss: -1808.914168 RMSE train: 0.019604 RMSE valid: 0.194993 best RMSE valid/CO: 0.025859
LBFGS step 364/1000 Loss: -1808.935853 RMSE train: 0.019602 RMSE valid: 0.195788 best RMSE valid/CO: 0.025859
LBFGS step 365/1000 Loss: -1808.943938 RMSE train: 0.019606 RMSE valid: 0.187485 best RMSE valid/CO: 0.025859
LBFGS step 366/1000 Loss: -1808.981217 RMSE train: 0.019606 RMSE valid: 0.184234 best RMSE valid/CO: 0.025859
LBFGS step 367/1000 Loss: -1809.005064 RMSE train: 0.019600 RMSE valid: 0.184011 best RMSE valid/CO: 0.025859
LBFGS step 368/1000 Loss: -1809.067461 RMSE train: 0.019593 RMSE valid: 0.189375 best RMSE valid/CO: 0.025859
LBFGS step 369/1000 Loss: -1809.101858 RMSE train: 0.019593 RMSE valid: 0.195740 best RMSE valid/CO: 0.025859
LBFGS step 370/1000 Loss: -1809.128244 RMSE train: 0.019599 RMSE valid: 0.199289 best RMSE valid/CO: 0.025859
LBFGS step 371/1000 Loss: -1809.151262 RMSE train: 0.019605 RMSE valid: 0.197527 best RMSE valid/CO: 0.025859
LBFGS step 372/1000 Loss: -1809.174612 RMSE train: 0.019607 RMSE valid: 0.194824 best RMSE valid/CO: 0.025859
Loss dropped by only 0.425111 (< loss_tol=0.5) over the last 20 steps, stopping (best RMSE valid=0.025859 at step 162).
Fold 3: best RMSE valid = 0.025859 (no test set given)

Fold 4/5
LBFGS step 1/1000 Loss: 745831.678917 RMSE train: 0.098579 RMSE valid: 0.857002 best RMSE valid/CO: 0.372508
LBFGS step 2/1000 Loss: 1495.217907 RMSE train: 0.080086 RMSE valid: 0.675729 best RMSE valid/CO: 0.254662
LBFGS step 3/1000 Loss: 258.609928 RMSE train: 0.071063 RMSE valid: 0.405311 best RMSE valid/CO: 0.153272
LBFGS step 4/1000 Loss: -278.240568 RMSE train: 0.069417 RMSE valid: 0.404616 best RMSE valid/CO: 0.117594
LBFGS step 5/1000 Loss: -405.416160 RMSE train: 0.069502 RMSE valid: 0.447854 best RMSE valid/CO: 0.117594
LBFGS step 6/1000 Loss: -486.064628 RMSE train: 0.070448 RMSE valid: 0.626750 best RMSE valid/CO: 0.117594
LBFGS step 7/1000 Loss: -786.723370 RMSE train: 0.060630 RMSE valid: 0.395264 best RMSE valid/CO: 0.117594
LBFGS step 8/1000 Loss: -1016.119334 RMSE train: 0.058136 RMSE valid: 0.354144 best RMSE valid/CO: 0.114889
LBFGS step 9/1000 Loss: -1035.271800 RMSE train: 0.057784 RMSE valid: 0.362453 best RMSE valid/CO: 0.111053
LBFGS step 10/1000 Loss: -1039.446937 RMSE train: 0.057410 RMSE valid: 0.408948 best RMSE valid/CO: 0.103733
LBFGS step 11/1000 Loss: -1043.622473 RMSE train: 0.056210 RMSE valid: 0.354736 best RMSE valid/CO: 0.094549
LBFGS step 12/1000 Loss: -1054.934634 RMSE train: 0.054144 RMSE valid: 0.312135 best RMSE valid/CO: 0.077107
LBFGS step 13/1000 Loss: -1083.502642 RMSE train: 0.050688 RMSE valid: 0.245022 best RMSE valid/CO: 0.074030
LBFGS step 14/1000 Loss: -1124.654502 RMSE train: 0.043920 RMSE valid: 0.186477 best RMSE valid/CO: 0.060659
LBFGS step 15/1000 Loss: -1204.754865 RMSE train: 0.041647 RMSE valid: 0.168477 best RMSE valid/CO: 0.053826
LBFGS step 16/1000 Loss: -1235.109891 RMSE train: 0.041125 RMSE valid: 0.144797 best RMSE valid/CO: 0.050886
LBFGS step 17/1000 Loss: -1244.579321 RMSE train: 0.040163 RMSE valid: 0.122707 best RMSE valid/CO: 0.047444
LBFGS step 18/1000 Loss: -1258.829946 RMSE train: 0.039266 RMSE valid: 0.099848 best RMSE valid/CO: 0.043234
LBFGS step 19/1000 Loss: -1289.313092 RMSE train: 0.037137 RMSE valid: 0.087223 best RMSE valid/CO: 0.034496
LBFGS step 20/1000 Loss: -1411.544015 RMSE train: 0.035306 RMSE valid: 0.088150 best RMSE valid/CO: 0.032700
LBFGS step 21/1000 Loss: -1455.766852 RMSE train: 0.034904 RMSE valid: 0.089860 best RMSE valid/CO: 0.032700
LBFGS step 22/1000 Loss: -1463.193724 RMSE train: 0.034162 RMSE valid: 0.083099 best RMSE valid/CO: 0.031427
LBFGS step 23/1000 Loss: -1477.298835 RMSE train: 0.032702 RMSE valid: 0.069701 best RMSE valid/CO: 0.026978
LBFGS step 24/1000 Loss: -1495.029436 RMSE train: 0.031674 RMSE valid: 0.065852 best RMSE valid/CO: 0.026978
LBFGS step 25/1000 Loss: -1510.474364 RMSE train: 0.030930 RMSE valid: 0.065226 best RMSE valid/CO: 0.026978
LBFGS step 26/1000 Loss: -1516.545689 RMSE train: 0.030187 RMSE valid: 0.072120 best RMSE valid/CO: 0.026978
LBFGS step 27/1000 Loss: -1534.827278 RMSE train: 0.029481 RMSE valid: 0.078160 best RMSE valid/CO: 0.026978
LBFGS step 28/1000 Loss: -1549.204620 RMSE train: 0.029590 RMSE valid: 0.075690 best RMSE valid/CO: 0.026978
LBFGS step 29/1000 Loss: -1552.402605 RMSE train: 0.029295 RMSE valid: 0.075013 best RMSE valid/CO: 0.026978
LBFGS step 30/1000 Loss: -1555.925675 RMSE train: 0.029023 RMSE valid: 0.075255 best RMSE valid/CO: 0.026978
LBFGS step 31/1000 Loss: -1557.815626 RMSE train: 0.028233 RMSE valid: 0.076235 best RMSE valid/CO: 0.026978
LBFGS step 32/1000 Loss: -1565.511946 RMSE train: 0.027969 RMSE valid: 0.075936 best RMSE valid/CO: 0.026978
LBFGS step 33/1000 Loss: -1568.538072 RMSE train: 0.027903 RMSE valid: 0.075897 best RMSE valid/CO: 0.026978
LBFGS step 34/1000 Loss: -1571.474951 RMSE train: 0.027176 RMSE valid: 0.066140 best RMSE valid/CO: 0.024990
LBFGS step 35/1000 Loss: -1585.717837 RMSE train: 0.026832 RMSE valid: 0.065886 best RMSE valid/CO: 0.024111
LBFGS step 36/1000 Loss: -1590.305462 RMSE train: 0.026310 RMSE valid: 0.069708 best RMSE valid/CO: 0.024111
LBFGS step 37/1000 Loss: -1602.362883 RMSE train: 0.026058 RMSE valid: 0.069483 best RMSE valid/CO: 0.022855
LBFGS step 38/1000 Loss: -1614.728731 RMSE train: 0.025790 RMSE valid: 0.078240 best RMSE valid/CO: 0.022436
LBFGS step 39/1000 Loss: -1623.313229 RMSE train: 0.024466 RMSE valid: 0.100065 best RMSE valid/CO: 0.022436
LBFGS step 40/1000 Loss: -1637.688578 RMSE train: 0.022108 RMSE valid: 0.094986 best RMSE valid/CO: 0.022401
LBFGS step 41/1000 Loss: -1710.868032 RMSE train: 0.021979 RMSE valid: 0.072329 best RMSE valid/CO: 0.018683
LBFGS step 42/1000 Loss: -1732.497857 RMSE train: 0.021795 RMSE valid: 0.076231 best RMSE valid/CO: 0.018683
LBFGS step 43/1000 Loss: -1734.533463 RMSE train: 0.021477 RMSE valid: 0.074504 best RMSE valid/CO: 0.018683
LBFGS step 44/1000 Loss: -1739.397453 RMSE train: 0.021178 RMSE valid: 0.067442 best RMSE valid/CO: 0.017989
LBFGS step 45/1000 Loss: -1742.617463 RMSE train: 0.020152 RMSE valid: 0.054453 best RMSE valid/CO: 0.015942
LBFGS step 46/1000 Loss: -1753.226955 RMSE train: 0.019460 RMSE valid: 0.061851 best RMSE valid/CO: 0.015942
LBFGS step 47/1000 Loss: -1765.782533 RMSE train: 0.019268 RMSE valid: 0.069330 best RMSE valid/CO: 0.015942
LBFGS step 48/1000 Loss: -1770.895866 RMSE train: 0.019407 RMSE valid: 0.077313 best RMSE valid/CO: 0.015942
LBFGS step 49/1000 Loss: -1773.331286 RMSE train: 0.019523 RMSE valid: 0.076427 best RMSE valid/CO: 0.015942
LBFGS step 50/1000 Loss: -1774.593844 RMSE train: 0.019583 RMSE valid: 0.070217 best RMSE valid/CO: 0.015942
LBFGS step 51/1000 Loss: -1775.843380 RMSE train: 0.019662 RMSE valid: 0.070608 best RMSE valid/CO: 0.015942
LBFGS step 52/1000 Loss: -1776.437555 RMSE train: 0.019867 RMSE valid: 0.075363 best RMSE valid/CO: 0.015942
LBFGS step 53/1000 Loss: -1777.822795 RMSE train: 0.020013 RMSE valid: 0.069699 best RMSE valid/CO: 0.015942
LBFGS step 54/1000 Loss: -1778.896576 RMSE train: 0.019966 RMSE valid: 0.068472 best RMSE valid/CO: 0.015942
LBFGS step 55/1000 Loss: -1779.246211 RMSE train: 0.019871 RMSE valid: 0.062733 best RMSE valid/CO: 0.015942
LBFGS step 56/1000 Loss: -1780.929490 RMSE train: 0.019743 RMSE valid: 0.070270 best RMSE valid/CO: 0.015942
LBFGS step 57/1000 Loss: -1783.924920 RMSE train: 0.019501 RMSE valid: 0.072770 best RMSE valid/CO: 0.015942
LBFGS step 58/1000 Loss: -1785.682154 RMSE train: 0.019040 RMSE valid: 0.070260 best RMSE valid/CO: 0.015942
LBFGS step 59/1000 Loss: -1788.317991 RMSE train: 0.018871 RMSE valid: 0.065603 best RMSE valid/CO: 0.015942
LBFGS step 60/1000 Loss: -1789.570666 RMSE train: 0.018909 RMSE valid: 0.065673 best RMSE valid/CO: 0.015942
LBFGS step 61/1000 Loss: -1790.923804 RMSE train: 0.018936 RMSE valid: 0.071239 best RMSE valid/CO: 0.015942
LBFGS step 62/1000 Loss: -1791.585154 RMSE train: 0.018952 RMSE valid: 0.073666 best RMSE valid/CO: 0.015942
LBFGS step 63/1000 Loss: -1791.809649 RMSE train: 0.018980 RMSE valid: 0.075288 best RMSE valid/CO: 0.015942
LBFGS step 64/1000 Loss: -1792.620885 RMSE train: 0.018986 RMSE valid: 0.071597 best RMSE valid/CO: 0.015942
LBFGS step 65/1000 Loss: -1792.974738 RMSE train: 0.019005 RMSE valid: 0.067556 best RMSE valid/CO: 0.015942
LBFGS step 66/1000 Loss: -1793.684475 RMSE train: 0.019067 RMSE valid: 0.065112 best RMSE valid/CO: 0.015942
LBFGS step 67/1000 Loss: -1794.658859 RMSE train: 0.019152 RMSE valid: 0.071246 best RMSE valid/CO: 0.015942
LBFGS step 68/1000 Loss: -1796.817674 RMSE train: 0.019237 RMSE valid: 0.065712 best RMSE valid/CO: 0.015942
LBFGS step 69/1000 Loss: -1797.721201 RMSE train: 0.019188 RMSE valid: 0.067246 best RMSE valid/CO: 0.015942
LBFGS step 70/1000 Loss: -1798.921958 RMSE train: 0.019150 RMSE valid: 0.069776 best RMSE valid/CO: 0.015942
LBFGS step 71/1000 Loss: -1802.759277 RMSE train: 0.018334 RMSE valid: 0.059383 best RMSE valid/CO: 0.015942
LBFGS step 72/1000 Loss: -1810.611909 RMSE train: 0.018313 RMSE valid: 0.059290 best RMSE valid/CO: 0.015942
LBFGS step 73/1000 Loss: -1811.186877 RMSE train: 0.018281 RMSE valid: 0.065526 best RMSE valid/CO: 0.015942
LBFGS step 74/1000 Loss: -1811.852695 RMSE train: 0.018096 RMSE valid: 0.066738 best RMSE valid/CO: 0.015942
LBFGS step 75/1000 Loss: -1812.453765 RMSE train: 0.017962 RMSE valid: 0.064473 best RMSE valid/CO: 0.015942
LBFGS step 76/1000 Loss: -1812.946026 RMSE train: 0.017647 RMSE valid: 0.058428 best RMSE valid/CO: 0.015857
LBFGS step 77/1000 Loss: -1814.200010 RMSE train: 0.017584 RMSE valid: 0.056361 best RMSE valid/CO: 0.015633
LBFGS step 78/1000 Loss: -1815.742090 RMSE train: 0.017583 RMSE valid: 0.058863 best RMSE valid/CO: 0.015633
LBFGS step 79/1000 Loss: -1816.811246 RMSE train: 0.017675 RMSE valid: 0.064595 best RMSE valid/CO: 0.015633
LBFGS step 80/1000 Loss: -1817.471244 RMSE train: 0.017699 RMSE valid: 0.068194 best RMSE valid/CO: 0.015633
LBFGS step 81/1000 Loss: -1818.193972 RMSE train: 0.017670 RMSE valid: 0.063543 best RMSE valid/CO: 0.015633
LBFGS step 82/1000 Loss: -1818.848178 RMSE train: 0.017670 RMSE valid: 0.061973 best RMSE valid/CO: 0.015633
LBFGS step 83/1000 Loss: -1819.069766 RMSE train: 0.017726 RMSE valid: 0.057555 best RMSE valid/CO: 0.015633
LBFGS step 84/1000 Loss: -1819.717109 RMSE train: 0.017811 RMSE valid: 0.061317 best RMSE valid/CO: 0.015633
LBFGS step 85/1000 Loss: -1820.373672 RMSE train: 0.017803 RMSE valid: 0.064807 best RMSE valid/CO: 0.015633
LBFGS step 86/1000 Loss: -1820.707582 RMSE train: 0.017737 RMSE valid: 0.067611 best RMSE valid/CO: 0.015633
LBFGS step 87/1000 Loss: -1821.085739 RMSE train: 0.017648 RMSE valid: 0.065900 best RMSE valid/CO: 0.015633
LBFGS step 88/1000 Loss: -1821.445320 RMSE train: 0.017604 RMSE valid: 0.063493 best RMSE valid/CO: 0.015633
LBFGS step 89/1000 Loss: -1821.695820 RMSE train: 0.017569 RMSE valid: 0.058942 best RMSE valid/CO: 0.015633
LBFGS step 90/1000 Loss: -1822.193155 RMSE train: 0.017592 RMSE valid: 0.061457 best RMSE valid/CO: 0.015633
LBFGS step 91/1000 Loss: -1822.881615 RMSE train: 0.017584 RMSE valid: 0.063163 best RMSE valid/CO: 0.015633
LBFGS step 92/1000 Loss: -1823.015266 RMSE train: 0.017546 RMSE valid: 0.066719 best RMSE valid/CO: 0.015633
LBFGS step 93/1000 Loss: -1823.313763 RMSE train: 0.017424 RMSE valid: 0.068619 best RMSE valid/CO: 0.015633
LBFGS step 94/1000 Loss: -1823.903117 RMSE train: 0.017277 RMSE valid: 0.065146 best RMSE valid/CO: 0.015633
LBFGS step 95/1000 Loss: -1824.698784 RMSE train: 0.017279 RMSE valid: 0.060108 best RMSE valid/CO: 0.015633
LBFGS step 96/1000 Loss: -1825.174086 RMSE train: 0.017346 RMSE valid: 0.060662 best RMSE valid/CO: 0.015633
LBFGS step 97/1000 Loss: -1825.500111 RMSE train: 0.017351 RMSE valid: 0.062599 best RMSE valid/CO: 0.015633
LBFGS step 98/1000 Loss: -1825.759599 RMSE train: 0.017351 RMSE valid: 0.067924 best RMSE valid/CO: 0.015633
LBFGS step 99/1000 Loss: -1826.512630 RMSE train: 0.017288 RMSE valid: 0.072917 best RMSE valid/CO: 0.015633
LBFGS step 100/1000 Loss: -1827.316598 RMSE train: 0.017226 RMSE valid: 0.067170 best RMSE valid/CO: 0.015633
LBFGS step 101/1000 Loss: -1828.059584 RMSE train: 0.017223 RMSE valid: 0.066350 best RMSE valid/CO: 0.015633
LBFGS step 102/1000 Loss: -1828.173731 RMSE train: 0.017257 RMSE valid: 0.065477 best RMSE valid/CO: 0.015633
LBFGS step 103/1000 Loss: -1828.461354 RMSE train: 0.017244 RMSE valid: 0.063632 best RMSE valid/CO: 0.015633
LBFGS step 104/1000 Loss: -1828.529271 RMSE train: 0.017153 RMSE valid: 0.059500 best RMSE valid/CO: 0.015633
LBFGS step 105/1000 Loss: -1829.471992 RMSE train: 0.016970 RMSE valid: 0.057389 best RMSE valid/CO: 0.015633
LBFGS step 106/1000 Loss: -1830.485713 RMSE train: 0.016715 RMSE valid: 0.054215 best RMSE valid/CO: 0.015633
LBFGS step 107/1000 Loss: -1831.945235 RMSE train: 0.016729 RMSE valid: 0.064160 best RMSE valid/CO: 0.015633
LBFGS step 108/1000 Loss: -1833.040630 RMSE train: 0.016726 RMSE valid: 0.066280 best RMSE valid/CO: 0.015633
LBFGS step 109/1000 Loss: -1833.203955 RMSE train: 0.016681 RMSE valid: 0.067943 best RMSE valid/CO: 0.015633
LBFGS step 110/1000 Loss: -1833.669346 RMSE train: 0.016719 RMSE valid: 0.062926 best RMSE valid/CO: 0.015633
LBFGS step 111/1000 Loss: -1834.359527 RMSE train: 0.016711 RMSE valid: 0.060056 best RMSE valid/CO: 0.015633
LBFGS step 112/1000 Loss: -1834.725910 RMSE train: 0.016701 RMSE valid: 0.062102 best RMSE valid/CO: 0.015633
LBFGS step 113/1000 Loss: -1835.153924 RMSE train: 0.016665 RMSE valid: 0.064168 best RMSE valid/CO: 0.015633
LBFGS step 114/1000 Loss: -1835.335775 RMSE train: 0.016649 RMSE valid: 0.066338 best RMSE valid/CO: 0.015633
LBFGS step 115/1000 Loss: -1835.436697 RMSE train: 0.016625 RMSE valid: 0.069868 best RMSE valid/CO: 0.015633
LBFGS step 116/1000 Loss: -1835.848346 RMSE train: 0.016529 RMSE valid: 0.066034 best RMSE valid/CO: 0.015633
LBFGS step 117/1000 Loss: -1837.441874 RMSE train: 0.016473 RMSE valid: 0.056984 best RMSE valid/CO: 0.015633
LBFGS step 118/1000 Loss: -1838.849913 RMSE train: 0.016154 RMSE valid: 0.045557 best RMSE valid/CO: 0.014244
LBFGS step 119/1000 Loss: -1843.573447 RMSE train: 0.016022 RMSE valid: 0.049017 best RMSE valid/CO: 0.014244
LBFGS step 120/1000 Loss: -1847.314722 RMSE train: 0.016014 RMSE valid: 0.054351 best RMSE valid/CO: 0.014244
LBFGS step 121/1000 Loss: -1848.608069 RMSE train: 0.016044 RMSE valid: 0.067129 best RMSE valid/CO: 0.014244
LBFGS step 122/1000 Loss: -1852.488805 RMSE train: 0.015990 RMSE valid: 0.059060 best RMSE valid/CO: 0.014244
LBFGS step 123/1000 Loss: -1855.348239 RMSE train: 0.016019 RMSE valid: 0.058960 best RMSE valid/CO: 0.014244
LBFGS step 124/1000 Loss: -1857.365809 RMSE train: 0.016237 RMSE valid: 0.061290 best RMSE valid/CO: 0.014244
LBFGS step 125/1000 Loss: -1859.888753 RMSE train: 0.016246 RMSE valid: 0.056701 best RMSE valid/CO: 0.014244
LBFGS step 126/1000 Loss: -1860.740114 RMSE train: 0.016408 RMSE valid: 0.055298 best RMSE valid/CO: 0.014244
LBFGS step 127/1000 Loss: -1862.782054 RMSE train: 0.016474 RMSE valid: 0.055046 best RMSE valid/CO: 0.014244
LBFGS step 128/1000 Loss: -1863.157217 RMSE train: 0.016571 RMSE valid: 0.054892 best RMSE valid/CO: 0.014244
LBFGS step 129/1000 Loss: -1863.578622 RMSE train: 0.016641 RMSE valid: 0.058408 best RMSE valid/CO: 0.014244
LBFGS step 130/1000 Loss: -1864.098246 RMSE train: 0.016667 RMSE valid: 0.061611 best RMSE valid/CO: 0.014244
LBFGS step 131/1000 Loss: -1864.821732 RMSE train: 0.016423 RMSE valid: 0.061850 best RMSE valid/CO: 0.014244
LBFGS step 132/1000 Loss: -1866.245663 RMSE train: 0.016250 RMSE valid: 0.061163 best RMSE valid/CO: 0.014244
LBFGS step 133/1000 Loss: -1867.253636 RMSE train: 0.016275 RMSE valid: 0.056869 best RMSE valid/CO: 0.014244
LBFGS step 134/1000 Loss: -1868.019212 RMSE train: 0.016329 RMSE valid: 0.056688 best RMSE valid/CO: 0.014244
LBFGS step 135/1000 Loss: -1868.290238 RMSE train: 0.016387 RMSE valid: 0.058360 best RMSE valid/CO: 0.014244
LBFGS step 136/1000 Loss: -1868.429012 RMSE train: 0.016417 RMSE valid: 0.057318 best RMSE valid/CO: 0.014244
LBFGS step 137/1000 Loss: -1868.610176 RMSE train: 0.016425 RMSE valid: 0.055853 best RMSE valid/CO: 0.014244
LBFGS step 138/1000 Loss: -1868.807858 RMSE train: 0.016454 RMSE valid: 0.056831 best RMSE valid/CO: 0.014244
LBFGS step 139/1000 Loss: -1870.770776 RMSE train: 0.016492 RMSE valid: 0.056411 best RMSE valid/CO: 0.014244
LBFGS step 140/1000 Loss: -1871.859352 RMSE train: 0.016471 RMSE valid: 0.054042 best RMSE valid/CO: 0.014244
LBFGS step 141/1000 Loss: -1872.360474 RMSE train: 0.016317 RMSE valid: 0.050018 best RMSE valid/CO: 0.014244
LBFGS step 142/1000 Loss: -1873.656222 RMSE train: 0.016297 RMSE valid: 0.051223 best RMSE valid/CO: 0.014244
LBFGS step 143/1000 Loss: -1873.900727 RMSE train: 0.016335 RMSE valid: 0.051648 best RMSE valid/CO: 0.014244
LBFGS step 144/1000 Loss: -1874.070427 RMSE train: 0.016314 RMSE valid: 0.051663 best RMSE valid/CO: 0.014244
LBFGS step 145/1000 Loss: -1874.536803 RMSE train: 0.016174 RMSE valid: 0.048786 best RMSE valid/CO: 0.013831
LBFGS step 146/1000 Loss: -1876.430020 RMSE train: 0.016183 RMSE valid: 0.049074 best RMSE valid/CO: 0.013831
LBFGS step 147/1000 Loss: -1876.571072 RMSE train: 0.016243 RMSE valid: 0.050102 best RMSE valid/CO: 0.013831
LBFGS step 148/1000 Loss: -1876.979911 RMSE train: 0.016290 RMSE valid: 0.051964 best RMSE valid/CO: 0.013831
LBFGS step 149/1000 Loss: -1877.137877 RMSE train: 0.016250 RMSE valid: 0.049887 best RMSE valid/CO: 0.013831
LBFGS step 150/1000 Loss: -1877.323808 RMSE train: 0.016247 RMSE valid: 0.048815 best RMSE valid/CO: 0.013831
LBFGS step 151/1000 Loss: -1877.617534 RMSE train: 0.016143 RMSE valid: 0.047449 best RMSE valid/CO: 0.013761
LBFGS step 152/1000 Loss: -1878.052170 RMSE train: 0.015765 RMSE valid: 0.043418 best RMSE valid/CO: 0.013337
LBFGS step 153/1000 Loss: -1879.745641 RMSE train: 0.015822 RMSE valid: 0.044192 best RMSE valid/CO: 0.013337
LBFGS step 154/1000 Loss: -1881.012531 RMSE train: 0.015752 RMSE valid: 0.045819 best RMSE valid/CO: 0.013337
LBFGS step 155/1000 Loss: -1882.342811 RMSE train: 0.015744 RMSE valid: 0.049382 best RMSE valid/CO: 0.013337
LBFGS step 156/1000 Loss: -1882.718771 RMSE train: 0.015637 RMSE valid: 0.053393 best RMSE valid/CO: 0.013337
LBFGS step 157/1000 Loss: -1883.354634 RMSE train: 0.015608 RMSE valid: 0.053668 best RMSE valid/CO: 0.013337
LBFGS step 158/1000 Loss: -1883.463754 RMSE train: 0.015475 RMSE valid: 0.051738 best RMSE valid/CO: 0.013337
LBFGS step 159/1000 Loss: -1883.864356 RMSE train: 0.015408 RMSE valid: 0.049952 best RMSE valid/CO: 0.013337
LBFGS step 160/1000 Loss: -1884.109760 RMSE train: 0.015178 RMSE valid: 0.048268 best RMSE valid/CO: 0.013337
LBFGS step 161/1000 Loss: -1884.961815 RMSE train: 0.015109 RMSE valid: 0.046382 best RMSE valid/CO: 0.013337
LBFGS step 162/1000 Loss: -1885.224195 RMSE train: 0.015257 RMSE valid: 0.049859 best RMSE valid/CO: 0.013337
LBFGS step 163/1000 Loss: -1885.877307 RMSE train: 0.015355 RMSE valid: 0.054988 best RMSE valid/CO: 0.013337
LBFGS step 164/1000 Loss: -1886.487935 RMSE train: 0.015389 RMSE valid: 0.058981 best RMSE valid/CO: 0.013337
LBFGS step 165/1000 Loss: -1887.236364 RMSE train: 0.015373 RMSE valid: 0.056562 best RMSE valid/CO: 0.013337
LBFGS step 166/1000 Loss: -1887.762065 RMSE train: 0.015292 RMSE valid: 0.050734 best RMSE valid/CO: 0.013337
LBFGS step 167/1000 Loss: -1888.308612 RMSE train: 0.015278 RMSE valid: 0.049972 best RMSE valid/CO: 0.013337
LBFGS step 168/1000 Loss: -1888.573352 RMSE train: 0.015264 RMSE valid: 0.048307 best RMSE valid/CO: 0.013337
LBFGS step 169/1000 Loss: -1888.920582 RMSE train: 0.015258 RMSE valid: 0.048706 best RMSE valid/CO: 0.013337
LBFGS step 170/1000 Loss: -1888.992145 RMSE train: 0.015130 RMSE valid: 0.052968 best RMSE valid/CO: 0.013337
LBFGS step 171/1000 Loss: -1889.468074 RMSE train: 0.015147 RMSE valid: 0.051680 best RMSE valid/CO: 0.013337
LBFGS step 172/1000 Loss: -1889.612992 RMSE train: 0.015191 RMSE valid: 0.049325 best RMSE valid/CO: 0.013337
LBFGS step 173/1000 Loss: -1889.860460 RMSE train: 0.015202 RMSE valid: 0.048954 best RMSE valid/CO: 0.013337
LBFGS step 174/1000 Loss: -1889.988341 RMSE train: 0.015189 RMSE valid: 0.048147 best RMSE valid/CO: 0.013337
LBFGS step 175/1000 Loss: -1890.280236 RMSE train: 0.015190 RMSE valid: 0.047513 best RMSE valid/CO: 0.013337
LBFGS step 176/1000 Loss: -1890.368352 RMSE train: 0.015203 RMSE valid: 0.054630 best RMSE valid/CO: 0.013337
LBFGS step 177/1000 Loss: -1891.348694 RMSE train: 0.015140 RMSE valid: 0.053785 best RMSE valid/CO: 0.013337
LBFGS step 178/1000 Loss: -1891.983274 RMSE train: 0.014950 RMSE valid: 0.047352 best RMSE valid/CO: 0.013337
LBFGS step 179/1000 Loss: -1892.988481 RMSE train: 0.014868 RMSE valid: 0.046565 best RMSE valid/CO: 0.013337
LBFGS step 180/1000 Loss: -1893.250598 RMSE train: 0.014771 RMSE valid: 0.046269 best RMSE valid/CO: 0.013337
LBFGS step 181/1000 Loss: -1893.615799 RMSE train: 0.014636 RMSE valid: 0.043901 best RMSE valid/CO: 0.013337
LBFGS step 182/1000 Loss: -1894.550809 RMSE train: 0.014285 RMSE valid: 0.048535 best RMSE valid/CO: 0.013337
LBFGS step 183/1000 Loss: -1899.766950 RMSE train: 0.014266 RMSE valid: 0.051854 best RMSE valid/CO: 0.013337
LBFGS step 184/1000 Loss: -1901.987080 RMSE train: 0.014368 RMSE valid: 0.051409 best RMSE valid/CO: 0.013337
LBFGS step 185/1000 Loss: -1903.114226 RMSE train: 0.014408 RMSE valid: 0.050233 best RMSE valid/CO: 0.013337
LBFGS step 186/1000 Loss: -1903.324915 RMSE train: 0.014465 RMSE valid: 0.049154 best RMSE valid/CO: 0.013337
LBFGS step 187/1000 Loss: -1903.736262 RMSE train: 0.014493 RMSE valid: 0.050034 best RMSE valid/CO: 0.013337
LBFGS step 188/1000 Loss: -1903.995363 RMSE train: 0.014491 RMSE valid: 0.050479 best RMSE valid/CO: 0.013337
LBFGS step 189/1000 Loss: -1904.045018 RMSE train: 0.014499 RMSE valid: 0.051623 best RMSE valid/CO: 0.013337
LBFGS step 190/1000 Loss: -1904.276293 RMSE train: 0.014560 RMSE valid: 0.055676 best RMSE valid/CO: 0.013337
LBFGS step 191/1000 Loss: -1904.780469 RMSE train: 0.014564 RMSE valid: 0.055033 best RMSE valid/CO: 0.013337
LBFGS step 192/1000 Loss: -1904.968319 RMSE train: 0.014555 RMSE valid: 0.051999 best RMSE valid/CO: 0.013337
LBFGS step 193/1000 Loss: -1905.280712 RMSE train: 0.014544 RMSE valid: 0.050123 best RMSE valid/CO: 0.013337
LBFGS step 194/1000 Loss: -1905.442649 RMSE train: 0.014430 RMSE valid: 0.046910 best RMSE valid/CO: 0.013337
LBFGS step 195/1000 Loss: -1905.881252 RMSE train: 0.014398 RMSE valid: 0.048143 best RMSE valid/CO: 0.013337
LBFGS step 196/1000 Loss: -1906.121563 RMSE train: 0.014336 RMSE valid: 0.048410 best RMSE valid/CO: 0.013337
LBFGS step 197/1000 Loss: -1906.366204 RMSE train: 0.014357 RMSE valid: 0.051960 best RMSE valid/CO: 0.013337
LBFGS step 198/1000 Loss: -1906.549297 RMSE train: 0.014336 RMSE valid: 0.051239 best RMSE valid/CO: 0.013337
LBFGS step 199/1000 Loss: -1906.699337 RMSE train: 0.014343 RMSE valid: 0.050924 best RMSE valid/CO: 0.013337
LBFGS step 200/1000 Loss: -1906.802073 RMSE train: 0.014351 RMSE valid: 0.051318 best RMSE valid/CO: 0.013337
LBFGS step 201/1000 Loss: -1906.836846 RMSE train: 0.014371 RMSE valid: 0.053061 best RMSE valid/CO: 0.013337
LBFGS step 202/1000 Loss: -1906.919736 RMSE train: 0.014374 RMSE valid: 0.053566 best RMSE valid/CO: 0.013337
LBFGS step 203/1000 Loss: -1906.980083 RMSE train: 0.014346 RMSE valid: 0.052917 best RMSE valid/CO: 0.013337
LBFGS step 204/1000 Loss: -1907.103424 RMSE train: 0.014316 RMSE valid: 0.051380 best RMSE valid/CO: 0.013337
LBFGS step 205/1000 Loss: -1907.167870 RMSE train: 0.014278 RMSE valid: 0.049921 best RMSE valid/CO: 0.013337
LBFGS step 206/1000 Loss: -1907.253489 RMSE train: 0.014277 RMSE valid: 0.050015 best RMSE valid/CO: 0.013337
LBFGS step 207/1000 Loss: -1907.289798 RMSE train: 0.014267 RMSE valid: 0.050074 best RMSE valid/CO: 0.013337
LBFGS step 208/1000 Loss: -1907.320486 RMSE train: 0.014269 RMSE valid: 0.051217 best RMSE valid/CO: 0.013337
LBFGS step 209/1000 Loss: -1907.350943 RMSE train: 0.014272 RMSE valid: 0.051954 best RMSE valid/CO: 0.013337
LBFGS step 210/1000 Loss: -1907.371904 RMSE train: 0.014270 RMSE valid: 0.051811 best RMSE valid/CO: 0.013337
LBFGS step 211/1000 Loss: -1907.391178 RMSE train: 0.014270 RMSE valid: 0.052384 best RMSE valid/CO: 0.013337
LBFGS step 212/1000 Loss: -1907.438190 RMSE train: 0.014281 RMSE valid: 0.052052 best RMSE valid/CO: 0.013337
LBFGS step 213/1000 Loss: -1907.480920 RMSE train: 0.014308 RMSE valid: 0.050704 best RMSE valid/CO: 0.013337
LBFGS step 214/1000 Loss: -1907.586091 RMSE train: 0.014323 RMSE valid: 0.050156 best RMSE valid/CO: 0.013337
LBFGS step 215/1000 Loss: -1907.667034 RMSE train: 0.014334 RMSE valid: 0.049252 best RMSE valid/CO: 0.013337
LBFGS step 216/1000 Loss: -1907.759128 RMSE train: 0.014316 RMSE valid: 0.047366 best RMSE valid/CO: 0.013337
LBFGS step 217/1000 Loss: -1907.920834 RMSE train: 0.014285 RMSE valid: 0.047156 best RMSE valid/CO: 0.013337
LBFGS step 218/1000 Loss: -1908.048188 RMSE train: 0.014246 RMSE valid: 0.047381 best RMSE valid/CO: 0.013337
LBFGS step 219/1000 Loss: -1908.158914 RMSE train: 0.014212 RMSE valid: 0.047961 best RMSE valid/CO: 0.013337
LBFGS step 220/1000 Loss: -1908.210052 RMSE train: 0.014218 RMSE valid: 0.048532 best RMSE valid/CO: 0.013337
LBFGS step 221/1000 Loss: -1908.253924 RMSE train: 0.014254 RMSE valid: 0.047751 best RMSE valid/CO: 0.013337
LBFGS step 222/1000 Loss: -1908.435890 RMSE train: 0.014253 RMSE valid: 0.047480 best RMSE valid/CO: 0.013337
LBFGS step 223/1000 Loss: -1908.634004 RMSE train: 0.014257 RMSE valid: 0.048069 best RMSE valid/CO: 0.013337
LBFGS step 224/1000 Loss: -1909.401869 RMSE train: 0.014255 RMSE valid: 0.048488 best RMSE valid/CO: 0.013337
LBFGS step 225/1000 Loss: -1909.544932 RMSE train: 0.014235 RMSE valid: 0.048890 best RMSE valid/CO: 0.013337
LBFGS step 226/1000 Loss: -1909.608666 RMSE train: 0.014219 RMSE valid: 0.050165 best RMSE valid/CO: 0.013337
LBFGS step 227/1000 Loss: -1909.652493 RMSE train: 0.014225 RMSE valid: 0.050627 best RMSE valid/CO: 0.013337
LBFGS step 228/1000 Loss: -1909.699633 RMSE train: 0.014221 RMSE valid: 0.050409 best RMSE valid/CO: 0.013337
LBFGS step 229/1000 Loss: -1909.744638 RMSE train: 0.014190 RMSE valid: 0.050850 best RMSE valid/CO: 0.013337
LBFGS step 230/1000 Loss: -1909.829780 RMSE train: 0.014176 RMSE valid: 0.050806 best RMSE valid/CO: 0.013337
LBFGS step 231/1000 Loss: -1909.888653 RMSE train: 0.014175 RMSE valid: 0.050451 best RMSE valid/CO: 0.013337
LBFGS step 232/1000 Loss: -1909.896226 RMSE train: 0.014183 RMSE valid: 0.050203 best RMSE valid/CO: 0.013337
LBFGS step 233/1000 Loss: -1909.928143 RMSE train: 0.014192 RMSE valid: 0.050215 best RMSE valid/CO: 0.013337
LBFGS step 234/1000 Loss: -1909.945325 RMSE train: 0.014198 RMSE valid: 0.049985 best RMSE valid/CO: 0.013337
LBFGS step 235/1000 Loss: -1909.951039 RMSE train: 0.014202 RMSE valid: 0.050125 best RMSE valid/CO: 0.013337
LBFGS step 236/1000 Loss: -1909.960578 RMSE train: 0.014204 RMSE valid: 0.050385 best RMSE valid/CO: 0.013337
LBFGS step 237/1000 Loss: -1909.974398 RMSE train: 0.014204 RMSE valid: 0.050274 best RMSE valid/CO: 0.013337
LBFGS step 238/1000 Loss: -1909.984325 RMSE train: 0.014187 RMSE valid: 0.049934 best RMSE valid/CO: 0.013337
LBFGS step 239/1000 Loss: -1910.008809 RMSE train: 0.014180 RMSE valid: 0.050172 best RMSE valid/CO: 0.013337
LBFGS step 240/1000 Loss: -1910.029433 RMSE train: 0.014169 RMSE valid: 0.049613 best RMSE valid/CO: 0.013337
LBFGS step 241/1000 Loss: -1910.082644 RMSE train: 0.014168 RMSE valid: 0.048809 best RMSE valid/CO: 0.013337
LBFGS step 242/1000 Loss: -1910.137000 RMSE train: 0.014188 RMSE valid: 0.049358 best RMSE valid/CO: 0.013337
LBFGS step 243/1000 Loss: -1910.193702 RMSE train: 0.014218 RMSE valid: 0.050179 best RMSE valid/CO: 0.013337
LBFGS step 244/1000 Loss: -1910.305512 RMSE train: 0.014221 RMSE valid: 0.050551 best RMSE valid/CO: 0.013337
LBFGS step 245/1000 Loss: -1910.397680 RMSE train: 0.014231 RMSE valid: 0.052117 best RMSE valid/CO: 0.013337
LBFGS step 246/1000 Loss: -1910.497423 RMSE train: 0.014218 RMSE valid: 0.052389 best RMSE valid/CO: 0.013337
LBFGS step 247/1000 Loss: -1910.544014 RMSE train: 0.014162 RMSE valid: 0.049626 best RMSE valid/CO: 0.013337
LBFGS step 248/1000 Loss: -1910.722441 RMSE train: 0.014152 RMSE valid: 0.049660 best RMSE valid/CO: 0.013337
LBFGS step 249/1000 Loss: -1910.773937 RMSE train: 0.014137 RMSE valid: 0.050362 best RMSE valid/CO: 0.013337
LBFGS step 250/1000 Loss: -1910.822518 RMSE train: 0.014107 RMSE valid: 0.050774 best RMSE valid/CO: 0.013337
LBFGS step 251/1000 Loss: -1910.871597 RMSE train: 0.014081 RMSE valid: 0.051313 best RMSE valid/CO: 0.013337
LBFGS step 252/1000 Loss: -1910.916491 RMSE train: 0.014078 RMSE valid: 0.050911 best RMSE valid/CO: 0.013337
LBFGS step 253/1000 Loss: -1910.945962 RMSE train: 0.014106 RMSE valid: 0.050334 best RMSE valid/CO: 0.013337
LBFGS step 254/1000 Loss: -1911.020921 RMSE train: 0.014132 RMSE valid: 0.049768 best RMSE valid/CO: 0.013337
LBFGS step 255/1000 Loss: -1911.087215 RMSE train: 0.014139 RMSE valid: 0.049839 best RMSE valid/CO: 0.013337
LBFGS step 256/1000 Loss: -1911.135846 RMSE train: 0.014129 RMSE valid: 0.050156 best RMSE valid/CO: 0.013337
LBFGS step 257/1000 Loss: -1911.156327 RMSE train: 0.014119 RMSE valid: 0.050561 best RMSE valid/CO: 0.013337
LBFGS step 258/1000 Loss: -1911.166629 RMSE train: 0.014132 RMSE valid: 0.050855 best RMSE valid/CO: 0.013337
LBFGS step 259/1000 Loss: -1911.192762 RMSE train: 0.014140 RMSE valid: 0.051013 best RMSE valid/CO: 0.013337
LBFGS step 260/1000 Loss: -1911.208402 RMSE train: 0.014144 RMSE valid: 0.050474 best RMSE valid/CO: 0.013337
LBFGS step 261/1000 Loss: -1911.246796 RMSE train: 0.014149 RMSE valid: 0.050448 best RMSE valid/CO: 0.013337
LBFGS step 262/1000 Loss: -1911.280635 RMSE train: 0.014158 RMSE valid: 0.050263 best RMSE valid/CO: 0.013337
LBFGS step 263/1000 Loss: -1911.295496 RMSE train: 0.014184 RMSE valid: 0.050114 best RMSE valid/CO: 0.013337
LBFGS step 264/1000 Loss: -1911.331951 RMSE train: 0.014190 RMSE valid: 0.050484 best RMSE valid/CO: 0.013337
LBFGS step 265/1000 Loss: -1911.359256 RMSE train: 0.014177 RMSE valid: 0.050936 best RMSE valid/CO: 0.013337
LBFGS step 266/1000 Loss: -1911.421094 RMSE train: 0.014112 RMSE valid: 0.056332 best RMSE valid/CO: 0.013337
LBFGS step 267/1000 Loss: -1911.704349 RMSE train: 0.014045 RMSE valid: 0.057210 best RMSE valid/CO: 0.013337
LBFGS step 268/1000 Loss: -1911.952743 RMSE train: 0.013991 RMSE valid: 0.053926 best RMSE valid/CO: 0.013337
LBFGS step 269/1000 Loss: -1912.245718 RMSE train: 0.013981 RMSE valid: 0.051392 best RMSE valid/CO: 0.013337
LBFGS step 270/1000 Loss: -1912.522511 RMSE train: 0.013980 RMSE valid: 0.047652 best RMSE valid/CO: 0.013337
LBFGS step 271/1000 Loss: -1912.876966 RMSE train: 0.013984 RMSE valid: 0.046984 best RMSE valid/CO: 0.013337
LBFGS step 272/1000 Loss: -1912.979104 RMSE train: 0.013993 RMSE valid: 0.047451 best RMSE valid/CO: 0.013337
LBFGS step 273/1000 Loss: -1913.065817 RMSE train: 0.014047 RMSE valid: 0.050903 best RMSE valid/CO: 0.013337
LBFGS step 274/1000 Loss: -1913.507014 RMSE train: 0.014060 RMSE valid: 0.053170 best RMSE valid/CO: 0.013337
LBFGS step 275/1000 Loss: -1913.816246 RMSE train: 0.014061 RMSE valid: 0.054219 best RMSE valid/CO: 0.013337
LBFGS step 276/1000 Loss: -1913.909779 RMSE train: 0.014014 RMSE valid: 0.051922 best RMSE valid/CO: 0.013337
LBFGS step 277/1000 Loss: -1914.117329 RMSE train: 0.013995 RMSE valid: 0.049568 best RMSE valid/CO: 0.013337
LBFGS step 278/1000 Loss: -1914.221095 RMSE train: 0.014003 RMSE valid: 0.049129 best RMSE valid/CO: 0.013337
LBFGS step 279/1000 Loss: -1914.317572 RMSE train: 0.014006 RMSE valid: 0.047933 best RMSE valid/CO: 0.013337
LBFGS step 280/1000 Loss: -1914.420147 RMSE train: 0.013999 RMSE valid: 0.048174 best RMSE valid/CO: 0.013337
LBFGS step 281/1000 Loss: -1914.443236 RMSE train: 0.013982 RMSE valid: 0.049903 best RMSE valid/CO: 0.013337
LBFGS step 282/1000 Loss: -1914.517873 RMSE train: 0.013965 RMSE valid: 0.050787 best RMSE valid/CO: 0.013337
LBFGS step 283/1000 Loss: -1914.597490 RMSE train: 0.013958 RMSE valid: 0.050835 best RMSE valid/CO: 0.013337
LBFGS step 284/1000 Loss: -1914.648702 RMSE train: 0.013967 RMSE valid: 0.051373 best RMSE valid/CO: 0.013337
LBFGS step 285/1000 Loss: -1914.822049 RMSE train: 0.013952 RMSE valid: 0.050375 best RMSE valid/CO: 0.013337
LBFGS step 286/1000 Loss: -1914.899293 RMSE train: 0.013919 RMSE valid: 0.049185 best RMSE valid/CO: 0.013337
LBFGS step 287/1000 Loss: -1915.056032 RMSE train: 0.013920 RMSE valid: 0.048633 best RMSE valid/CO: 0.013337
LBFGS step 288/1000 Loss: -1915.096348 RMSE train: 0.013937 RMSE valid: 0.047896 best RMSE valid/CO: 0.013337
LBFGS step 289/1000 Loss: -1915.195740 RMSE train: 0.013964 RMSE valid: 0.047327 best RMSE valid/CO: 0.013337
LBFGS step 290/1000 Loss: -1915.287326 RMSE train: 0.013961 RMSE valid: 0.048581 best RMSE valid/CO: 0.013337
LBFGS step 291/1000 Loss: -1915.332801 RMSE train: 0.013958 RMSE valid: 0.049050 best RMSE valid/CO: 0.013337
LBFGS step 292/1000 Loss: -1915.367214 RMSE train: 0.013967 RMSE valid: 0.049138 best RMSE valid/CO: 0.013337
LBFGS step 293/1000 Loss: -1915.386578 RMSE train: 0.013997 RMSE valid: 0.050561 best RMSE valid/CO: 0.013337
LBFGS step 294/1000 Loss: -1915.409691 RMSE train: 0.013998 RMSE valid: 0.050432 best RMSE valid/CO: 0.013337
LBFGS step 295/1000 Loss: -1915.418318 RMSE train: 0.013994 RMSE valid: 0.049367 best RMSE valid/CO: 0.013337
LBFGS step 296/1000 Loss: -1915.436551 RMSE train: 0.013994 RMSE valid: 0.048917 best RMSE valid/CO: 0.013337
LBFGS step 297/1000 Loss: -1915.447150 RMSE train: 0.014002 RMSE valid: 0.048829 best RMSE valid/CO: 0.013337
LBFGS step 298/1000 Loss: -1915.465761 RMSE train: 0.014010 RMSE valid: 0.047981 best RMSE valid/CO: 0.013337
LBFGS step 299/1000 Loss: -1915.492257 RMSE train: 0.014011 RMSE valid: 0.048516 best RMSE valid/CO: 0.013337
LBFGS step 300/1000 Loss: -1915.533650 RMSE train: 0.013999 RMSE valid: 0.050596 best RMSE valid/CO: 0.013337
LBFGS step 301/1000 Loss: -1915.659322 RMSE train: 0.013997 RMSE valid: 0.050341 best RMSE valid/CO: 0.013337
LBFGS step 302/1000 Loss: -1915.684505 RMSE train: 0.014004 RMSE valid: 0.049766 best RMSE valid/CO: 0.013337
LBFGS step 303/1000 Loss: -1915.701680 RMSE train: 0.014011 RMSE valid: 0.049936 best RMSE valid/CO: 0.013337
LBFGS step 304/1000 Loss: -1915.720743 RMSE train: 0.014008 RMSE valid: 0.049684 best RMSE valid/CO: 0.013337
LBFGS step 305/1000 Loss: -1915.741810 RMSE train: 0.014004 RMSE valid: 0.049143 best RMSE valid/CO: 0.013337
LBFGS step 306/1000 Loss: -1915.790445 RMSE train: 0.014010 RMSE valid: 0.049004 best RMSE valid/CO: 0.013337
LBFGS step 307/1000 Loss: -1915.812414 RMSE train: 0.014022 RMSE valid: 0.049375 best RMSE valid/CO: 0.013337
LBFGS step 308/1000 Loss: -1915.836078 RMSE train: 0.014048 RMSE valid: 0.049633 best RMSE valid/CO: 0.013337
LBFGS step 309/1000 Loss: -1915.879150 RMSE train: 0.014049 RMSE valid: 0.050198 best RMSE valid/CO: 0.013337
LBFGS step 310/1000 Loss: -1915.893089 RMSE train: 0.014043 RMSE valid: 0.050775 best RMSE valid/CO: 0.013337
LBFGS step 311/1000 Loss: -1915.929391 RMSE train: 0.014044 RMSE valid: 0.050899 best RMSE valid/CO: 0.013337
LBFGS step 312/1000 Loss: -1915.944487 RMSE train: 0.014045 RMSE valid: 0.050639 best RMSE valid/CO: 0.013337
LBFGS step 313/1000 Loss: -1915.976305 RMSE train: 0.014037 RMSE valid: 0.050688 best RMSE valid/CO: 0.013337
LBFGS step 314/1000 Loss: -1915.989317 RMSE train: 0.013994 RMSE valid: 0.050090 best RMSE valid/CO: 0.013337
LBFGS step 315/1000 Loss: -1916.028230 RMSE train: 0.013975 RMSE valid: 0.050090 best RMSE valid/CO: 0.013337
LBFGS step 316/1000 Loss: -1916.037606 RMSE train: 0.013965 RMSE valid: 0.050401 best RMSE valid/CO: 0.013337
LBFGS step 317/1000 Loss: -1916.047312 RMSE train: 0.013962 RMSE valid: 0.050459 best RMSE valid/CO: 0.013337
LBFGS step 318/1000 Loss: -1916.054489 RMSE train: 0.013966 RMSE valid: 0.050747 best RMSE valid/CO: 0.013337
LBFGS step 319/1000 Loss: -1916.063467 RMSE train: 0.013972 RMSE valid: 0.052151 best RMSE valid/CO: 0.013337
LBFGS step 320/1000 Loss: -1916.091104 RMSE train: 0.013968 RMSE valid: 0.052412 best RMSE valid/CO: 0.013337
LBFGS step 321/1000 Loss: -1916.105310 RMSE train: 0.013967 RMSE valid: 0.051515 best RMSE valid/CO: 0.013337
Loss dropped by only 0.445988 (< loss_tol=0.5) over the last 20 steps, stopping (best RMSE valid=0.013337 at step 152).
Fold 4: best RMSE valid = 0.013337 (no test set given)

Fold 5/5
LBFGS step 1/1000 Loss: 784855.640871 RMSE train: 0.105616 RMSE valid: 0.810592 best RMSE valid/CO: 0.439698
LBFGS step 2/1000 Loss: 1994.349785 RMSE train: 0.081473 RMSE valid: 0.614372 best RMSE valid/CO: 0.305942
LBFGS step 3/1000 Loss: 285.443086 RMSE train: 0.071069 RMSE valid: 0.343832 best RMSE valid/CO: 0.117002
LBFGS step 4/1000 Loss: -296.864184 RMSE train: 0.068145 RMSE valid: 0.298214 best RMSE valid/CO: 0.117002
LBFGS step 5/1000 Loss: -443.697776 RMSE train: 0.066881 RMSE valid: 0.322786 best RMSE valid/CO: 0.117002
LBFGS step 6/1000 Loss: -511.493926 RMSE train: 0.066953 RMSE valid: 0.288548 best RMSE valid/CO: 0.117002
LBFGS step 7/1000 Loss: -572.709555 RMSE train: 0.071173 RMSE valid: 0.307436 best RMSE valid/CO: 0.117002
LBFGS step 8/1000 Loss: -831.555896 RMSE train: 0.063059 RMSE valid: 0.231178 best RMSE valid/CO: 0.117002
LBFGS step 9/1000 Loss: -993.910412 RMSE train: 0.058846 RMSE valid: 0.196659 best RMSE valid/CO: 0.117002
LBFGS step 10/1000 Loss: -1027.935292 RMSE train: 0.057890 RMSE valid: 0.184983 best RMSE valid/CO: 0.108289
LBFGS step 11/1000 Loss: -1036.260886 RMSE train: 0.057326 RMSE valid: 0.178678 best RMSE valid/CO: 0.101411
LBFGS step 12/1000 Loss: -1038.175404 RMSE train: 0.056912 RMSE valid: 0.180732 best RMSE valid/CO: 0.095630
LBFGS step 13/1000 Loss: -1041.665245 RMSE train: 0.056447 RMSE valid: 0.180160 best RMSE valid/CO: 0.090919
LBFGS step 14/1000 Loss: -1052.404957 RMSE train: 0.054490 RMSE valid: 0.197199 best RMSE valid/CO: 0.090919
LBFGS step 15/1000 Loss: -1071.295042 RMSE train: 0.051673 RMSE valid: 0.191027 best RMSE valid/CO: 0.074900
LBFGS step 16/1000 Loss: -1094.877089 RMSE train: 0.045769 RMSE valid: 0.188857 best RMSE valid/CO: 0.067384
LBFGS step 17/1000 Loss: -1147.381903 RMSE train: 0.041306 RMSE valid: 0.170600 best RMSE valid/CO: 0.060727
LBFGS step 18/1000 Loss: -1186.362673 RMSE train: 0.040490 RMSE valid: 0.162614 best RMSE valid/CO: 0.060727
LBFGS step 19/1000 Loss: -1199.231061 RMSE train: 0.040191 RMSE valid: 0.173688 best RMSE valid/CO: 0.060727
LBFGS step 20/1000 Loss: -1224.684495 RMSE train: 0.036839 RMSE valid: 0.107569 best RMSE valid/CO: 0.047039
LBFGS step 21/1000 Loss: -1328.839229 RMSE train: 0.034399 RMSE valid: 0.090197 best RMSE valid/CO: 0.036765
LBFGS step 22/1000 Loss: -1358.229967 RMSE train: 0.032308 RMSE valid: 0.084335 best RMSE valid/CO: 0.027453
LBFGS step 23/1000 Loss: -1381.781408 RMSE train: 0.032542 RMSE valid: 0.089107 best RMSE valid/CO: 0.027319
LBFGS step 24/1000 Loss: -1392.116718 RMSE train: 0.032835 RMSE valid: 0.089410 best RMSE valid/CO: 0.027295
LBFGS step 25/1000 Loss: -1414.333507 RMSE train: 0.029834 RMSE valid: 0.084473 best RMSE valid/CO: 0.026788
LBFGS step 26/1000 Loss: -1486.370420 RMSE train: 0.029143 RMSE valid: 0.079814 best RMSE valid/CO: 0.026363
LBFGS step 27/1000 Loss: -1498.616737 RMSE train: 0.028890 RMSE valid: 0.079423 best RMSE valid/CO: 0.025763
LBFGS step 28/1000 Loss: -1503.839252 RMSE train: 0.028454 RMSE valid: 0.076677 best RMSE valid/CO: 0.023920
LBFGS step 29/1000 Loss: -1515.049632 RMSE train: 0.028127 RMSE valid: 0.070617 best RMSE valid/CO: 0.023385
LBFGS step 30/1000 Loss: -1526.510384 RMSE train: 0.027399 RMSE valid: 0.060863 best RMSE valid/CO: 0.022022
LBFGS step 31/1000 Loss: -1563.010385 RMSE train: 0.027164 RMSE valid: 0.061151 best RMSE valid/CO: 0.021448
LBFGS step 32/1000 Loss: -1570.493713 RMSE train: 0.027272 RMSE valid: 0.061703 best RMSE valid/CO: 0.021448
LBFGS step 33/1000 Loss: -1574.837128 RMSE train: 0.027237 RMSE valid: 0.060378 best RMSE valid/CO: 0.021448
LBFGS step 34/1000 Loss: -1583.089343 RMSE train: 0.027133 RMSE valid: 0.060611 best RMSE valid/CO: 0.020641
LBFGS step 35/1000 Loss: -1593.210065 RMSE train: 0.027078 RMSE valid: 0.059100 best RMSE valid/CO: 0.020303
LBFGS step 36/1000 Loss: -1596.833083 RMSE train: 0.026991 RMSE valid: 0.060732 best RMSE valid/CO: 0.020303
LBFGS step 37/1000 Loss: -1599.862685 RMSE train: 0.025911 RMSE valid: 0.059521 best RMSE valid/CO: 0.019965
LBFGS step 38/1000 Loss: -1616.338097 RMSE train: 0.025329 RMSE valid: 0.061389 best RMSE valid/CO: 0.019305
LBFGS step 39/1000 Loss: -1623.140309 RMSE train: 0.024596 RMSE valid: 0.061603 best RMSE valid/CO: 0.018845
LBFGS step 40/1000 Loss: -1631.152257 RMSE train: 0.024041 RMSE valid: 0.062264 best RMSE valid/CO: 0.017685
LBFGS step 41/1000 Loss: -1645.625477 RMSE train: 0.023599 RMSE valid: 0.058498 best RMSE valid/CO: 0.017646
LBFGS step 42/1000 Loss: -1663.258805 RMSE train: 0.022967 RMSE valid: 0.061355 best RMSE valid/CO: 0.017369
LBFGS step 43/1000 Loss: -1679.731080 RMSE train: 0.020347 RMSE valid: 0.059836 best RMSE valid/CO: 0.016610
LBFGS step 44/1000 Loss: -1711.833182 RMSE train: 0.018946 RMSE valid: 0.067780 best RMSE valid/CO: 0.016610
LBFGS step 45/1000 Loss: -1723.642801 RMSE train: 0.017815 RMSE valid: 0.068986 best RMSE valid/CO: 0.016610
LBFGS step 46/1000 Loss: -1750.214315 RMSE train: 0.017836 RMSE valid: 0.071092 best RMSE valid/CO: 0.016610
LBFGS step 47/1000 Loss: -1760.432080 RMSE train: 0.018106 RMSE valid: 0.064798 best RMSE valid/CO: 0.016610
LBFGS step 48/1000 Loss: -1771.877416 RMSE train: 0.018421 RMSE valid: 0.060895 best RMSE valid/CO: 0.016359
LBFGS step 49/1000 Loss: -1775.599195 RMSE train: 0.018454 RMSE valid: 0.061623 best RMSE valid/CO: 0.016359
LBFGS step 50/1000 Loss: -1777.296626 RMSE train: 0.018339 RMSE valid: 0.060865 best RMSE valid/CO: 0.016291
LBFGS step 51/1000 Loss: -1780.637390 RMSE train: 0.018295 RMSE valid: 0.059605 best RMSE valid/CO: 0.016070
LBFGS step 52/1000 Loss: -1782.374844 RMSE train: 0.018227 RMSE valid: 0.060509 best RMSE valid/CO: 0.016070
LBFGS step 53/1000 Loss: -1783.635120 RMSE train: 0.018194 RMSE valid: 0.059487 best RMSE valid/CO: 0.016070
LBFGS step 54/1000 Loss: -1786.505349 RMSE train: 0.018249 RMSE valid: 0.059241 best RMSE valid/CO: 0.016070
LBFGS step 55/1000 Loss: -1788.090422 RMSE train: 0.018298 RMSE valid: 0.058341 best RMSE valid/CO: 0.015925
LBFGS step 56/1000 Loss: -1791.164884 RMSE train: 0.018389 RMSE valid: 0.056229 best RMSE valid/CO: 0.015824
LBFGS step 57/1000 Loss: -1796.861550 RMSE train: 0.017952 RMSE valid: 0.056227 best RMSE valid/CO: 0.015726
LBFGS step 58/1000 Loss: -1806.169551 RMSE train: 0.017209 RMSE valid: 0.053898 best RMSE valid/CO: 0.015292
LBFGS step 59/1000 Loss: -1818.396629 RMSE train: 0.016518 RMSE valid: 0.054801 best RMSE valid/CO: 0.015292
LBFGS step 60/1000 Loss: -1834.650706 RMSE train: 0.016408 RMSE valid: 0.057801 best RMSE valid/CO: 0.015292
LBFGS step 61/1000 Loss: -1841.771463 RMSE train: 0.016440 RMSE valid: 0.058895 best RMSE valid/CO: 0.015292
LBFGS step 62/1000 Loss: -1845.426418 RMSE train: 0.016583 RMSE valid: 0.056354 best RMSE valid/CO: 0.015292
LBFGS step 63/1000 Loss: -1850.281877 RMSE train: 0.016580 RMSE valid: 0.057735 best RMSE valid/CO: 0.015292
LBFGS step 64/1000 Loss: -1850.956332 RMSE train: 0.016609 RMSE valid: 0.056143 best RMSE valid/CO: 0.015292
LBFGS step 65/1000 Loss: -1851.854514 RMSE train: 0.016470 RMSE valid: 0.057016 best RMSE valid/CO: 0.015292
LBFGS step 66/1000 Loss: -1853.819841 RMSE train: 0.016058 RMSE valid: 0.061064 best RMSE valid/CO: 0.015292
LBFGS step 67/1000 Loss: -1857.694271 RMSE train: 0.015698 RMSE valid: 0.067101 best RMSE valid/CO: 0.015292
LBFGS step 68/1000 Loss: -1862.617010 RMSE train: 0.015441 RMSE valid: 0.071516 best RMSE valid/CO: 0.015292
LBFGS step 69/1000 Loss: -1866.286707 RMSE train: 0.015428 RMSE valid: 0.071608 best RMSE valid/CO: 0.015292
LBFGS step 70/1000 Loss: -1866.742184 RMSE train: 0.015369 RMSE valid: 0.075749 best RMSE valid/CO: 0.015292
LBFGS step 71/1000 Loss: -1868.096769 RMSE train: 0.015438 RMSE valid: 0.075502 best RMSE valid/CO: 0.015292
LBFGS step 72/1000 Loss: -1869.481682 RMSE train: 0.015540 RMSE valid: 0.075110 best RMSE valid/CO: 0.015292
LBFGS step 73/1000 Loss: -1871.366529 RMSE train: 0.015560 RMSE valid: 0.074529 best RMSE valid/CO: 0.015292
LBFGS step 74/1000 Loss: -1871.655509 RMSE train: 0.015778 RMSE valid: 0.072312 best RMSE valid/CO: 0.015292
LBFGS step 75/1000 Loss: -1873.295192 RMSE train: 0.015856 RMSE valid: 0.070750 best RMSE valid/CO: 0.015292
LBFGS step 76/1000 Loss: -1873.917672 RMSE train: 0.015841 RMSE valid: 0.071174 best RMSE valid/CO: 0.015292
LBFGS step 77/1000 Loss: -1874.284918 RMSE train: 0.015845 RMSE valid: 0.070809 best RMSE valid/CO: 0.015292
LBFGS step 78/1000 Loss: -1874.867612 RMSE train: 0.015836 RMSE valid: 0.070696 best RMSE valid/CO: 0.015292
LBFGS step 79/1000 Loss: -1875.111255 RMSE train: 0.015801 RMSE valid: 0.070465 best RMSE valid/CO: 0.015292
LBFGS step 80/1000 Loss: -1875.840466 RMSE train: 0.015729 RMSE valid: 0.070366 best RMSE valid/CO: 0.015292
LBFGS step 81/1000 Loss: -1876.385379 RMSE train: 0.015693 RMSE valid: 0.071150 best RMSE valid/CO: 0.015292
LBFGS step 82/1000 Loss: -1877.034167 RMSE train: 0.015638 RMSE valid: 0.071535 best RMSE valid/CO: 0.015292
LBFGS step 83/1000 Loss: -1877.430937 RMSE train: 0.015595 RMSE valid: 0.073310 best RMSE valid/CO: 0.015292
LBFGS step 84/1000 Loss: -1878.052767 RMSE train: 0.015332 RMSE valid: 0.076923 best RMSE valid/CO: 0.015292
LBFGS step 85/1000 Loss: -1880.441456 RMSE train: 0.015272 RMSE valid: 0.077883 best RMSE valid/CO: 0.015292
LBFGS step 86/1000 Loss: -1882.040833 RMSE train: 0.015246 RMSE valid: 0.077480 best RMSE valid/CO: 0.015292
LBFGS step 87/1000 Loss: -1882.556830 RMSE train: 0.015279 RMSE valid: 0.077452 best RMSE valid/CO: 0.015292
LBFGS step 88/1000 Loss: -1883.058240 RMSE train: 0.015297 RMSE valid: 0.077083 best RMSE valid/CO: 0.015292
LBFGS step 89/1000 Loss: -1883.413231 RMSE train: 0.015282 RMSE valid: 0.077121 best RMSE valid/CO: 0.015292
LBFGS step 90/1000 Loss: -1883.502601 RMSE train: 0.015273 RMSE valid: 0.077721 best RMSE valid/CO: 0.015292
LBFGS step 91/1000 Loss: -1883.878353 RMSE train: 0.015255 RMSE valid: 0.078819 best RMSE valid/CO: 0.015292
LBFGS step 92/1000 Loss: -1884.333349 RMSE train: 0.015213 RMSE valid: 0.079489 best RMSE valid/CO: 0.015292
LBFGS step 93/1000 Loss: -1884.894916 RMSE train: 0.015127 RMSE valid: 0.084498 best RMSE valid/CO: 0.015292
LBFGS step 94/1000 Loss: -1886.420080 RMSE train: 0.015132 RMSE valid: 0.085060 best RMSE valid/CO: 0.015292
LBFGS step 95/1000 Loss: -1887.147227 RMSE train: 0.015049 RMSE valid: 0.086931 best RMSE valid/CO: 0.015292
LBFGS step 96/1000 Loss: -1889.897492 RMSE train: 0.014975 RMSE valid: 0.086521 best RMSE valid/CO: 0.015292
LBFGS step 97/1000 Loss: -1891.334497 RMSE train: 0.014985 RMSE valid: 0.087143 best RMSE valid/CO: 0.015292
LBFGS step 98/1000 Loss: -1892.352593 RMSE train: 0.014940 RMSE valid: 0.086131 best RMSE valid/CO: 0.015292
LBFGS step 99/1000 Loss: -1893.565776 RMSE train: 0.014935 RMSE valid: 0.085879 best RMSE valid/CO: 0.015292
LBFGS step 100/1000 Loss: -1893.629961 RMSE train: 0.014938 RMSE valid: 0.085685 best RMSE valid/CO: 0.015292
LBFGS step 101/1000 Loss: -1893.729867 RMSE train: 0.014934 RMSE valid: 0.085860 best RMSE valid/CO: 0.015292
LBFGS step 102/1000 Loss: -1893.824668 RMSE train: 0.014916 RMSE valid: 0.084764 best RMSE valid/CO: 0.015292
LBFGS step 103/1000 Loss: -1894.024044 RMSE train: 0.014925 RMSE valid: 0.085501 best RMSE valid/CO: 0.015292
LBFGS step 104/1000 Loss: -1894.780094 RMSE train: 0.014925 RMSE valid: 0.084638 best RMSE valid/CO: 0.015292
LBFGS step 105/1000 Loss: -1894.925369 RMSE train: 0.014906 RMSE valid: 0.084338 best RMSE valid/CO: 0.015292
LBFGS step 106/1000 Loss: -1895.027325 RMSE train: 0.014879 RMSE valid: 0.084749 best RMSE valid/CO: 0.015292
LBFGS step 107/1000 Loss: -1895.338738 RMSE train: 0.014847 RMSE valid: 0.083979 best RMSE valid/CO: 0.015292
LBFGS step 108/1000 Loss: -1895.482880 RMSE train: 0.014821 RMSE valid: 0.085281 best RMSE valid/CO: 0.015292
LBFGS step 109/1000 Loss: -1895.687053 RMSE train: 0.014779 RMSE valid: 0.085370 best RMSE valid/CO: 0.015292
LBFGS step 110/1000 Loss: -1896.074627 RMSE train: 0.014767 RMSE valid: 0.085254 best RMSE valid/CO: 0.015292
LBFGS step 111/1000 Loss: -1896.161593 RMSE train: 0.014752 RMSE valid: 0.084955 best RMSE valid/CO: 0.015292
LBFGS step 112/1000 Loss: -1896.361471 RMSE train: 0.014742 RMSE valid: 0.085050 best RMSE valid/CO: 0.015292
LBFGS step 113/1000 Loss: -1896.815849 RMSE train: 0.014726 RMSE valid: 0.084698 best RMSE valid/CO: 0.015292
LBFGS step 114/1000 Loss: -1896.936011 RMSE train: 0.014683 RMSE valid: 0.085475 best RMSE valid/CO: 0.015292
LBFGS step 115/1000 Loss: -1897.605185 RMSE train: 0.014657 RMSE valid: 0.083850 best RMSE valid/CO: 0.015292
LBFGS step 116/1000 Loss: -1898.212709 RMSE train: 0.014662 RMSE valid: 0.084140 best RMSE valid/CO: 0.015292
LBFGS step 117/1000 Loss: -1898.429335 RMSE train: 0.014646 RMSE valid: 0.083865 best RMSE valid/CO: 0.015292
LBFGS step 118/1000 Loss: -1898.702013 RMSE train: 0.014641 RMSE valid: 0.083642 best RMSE valid/CO: 0.015292
LBFGS step 119/1000 Loss: -1898.773832 RMSE train: 0.014649 RMSE valid: 0.082923 best RMSE valid/CO: 0.015292
LBFGS step 120/1000 Loss: -1898.933052 RMSE train: 0.014615 RMSE valid: 0.081556 best RMSE valid/CO: 0.015292
LBFGS step 121/1000 Loss: -1899.513577 RMSE train: 0.014622 RMSE valid: 0.080116 best RMSE valid/CO: 0.015292
LBFGS step 122/1000 Loss: -1899.697038 RMSE train: 0.014622 RMSE valid: 0.079504 best RMSE valid/CO: 0.015292
LBFGS step 123/1000 Loss: -1899.939606 RMSE train: 0.014633 RMSE valid: 0.080073 best RMSE valid/CO: 0.015292
LBFGS step 124/1000 Loss: -1900.174807 RMSE train: 0.014622 RMSE valid: 0.080016 best RMSE valid/CO: 0.015292
LBFGS step 125/1000 Loss: -1900.233397 RMSE train: 0.014622 RMSE valid: 0.080012 best RMSE valid/CO: 0.015292
LBFGS step 126/1000 Loss: -1900.278282 RMSE train: 0.014631 RMSE valid: 0.080251 best RMSE valid/CO: 0.015292
LBFGS step 127/1000 Loss: -1900.386212 RMSE train: 0.014625 RMSE valid: 0.080307 best RMSE valid/CO: 0.015292
LBFGS step 128/1000 Loss: -1900.502886 RMSE train: 0.014631 RMSE valid: 0.081089 best RMSE valid/CO: 0.015292
LBFGS step 129/1000 Loss: -1900.728474 RMSE train: 0.014641 RMSE valid: 0.081601 best RMSE valid/CO: 0.015292
LBFGS step 130/1000 Loss: -1901.140327 RMSE train: 0.014640 RMSE valid: 0.081704 best RMSE valid/CO: 0.015292
LBFGS step 131/1000 Loss: -1901.192423 RMSE train: 0.014630 RMSE valid: 0.081953 best RMSE valid/CO: 0.015292
LBFGS step 132/1000 Loss: -1901.529711 RMSE train: 0.014637 RMSE valid: 0.082789 best RMSE valid/CO: 0.015292
LBFGS step 133/1000 Loss: -1901.840864 RMSE train: 0.014643 RMSE valid: 0.083192 best RMSE valid/CO: 0.015292
LBFGS step 134/1000 Loss: -1901.894483 RMSE train: 0.014645 RMSE valid: 0.082531 best RMSE valid/CO: 0.015292
LBFGS step 135/1000 Loss: -1902.106303 RMSE train: 0.014655 RMSE valid: 0.083316 best RMSE valid/CO: 0.015292
LBFGS step 136/1000 Loss: -1902.301286 RMSE train: 0.014667 RMSE valid: 0.083398 best RMSE valid/CO: 0.015292
LBFGS step 137/1000 Loss: -1902.339873 RMSE train: 0.014686 RMSE valid: 0.082973 best RMSE valid/CO: 0.015292
LBFGS step 138/1000 Loss: -1902.515334 RMSE train: 0.014708 RMSE valid: 0.082671 best RMSE valid/CO: 0.015292
LBFGS step 139/1000 Loss: -1902.780079 RMSE train: 0.014719 RMSE valid: 0.082591 best RMSE valid/CO: 0.015292
LBFGS step 140/1000 Loss: -1902.815984 RMSE train: 0.014715 RMSE valid: 0.082404 best RMSE valid/CO: 0.015292
LBFGS step 141/1000 Loss: -1902.895127 RMSE train: 0.014707 RMSE valid: 0.082205 best RMSE valid/CO: 0.015292
LBFGS step 142/1000 Loss: -1903.008553 RMSE train: 0.014705 RMSE valid: 0.082023 best RMSE valid/CO: 0.015292
LBFGS step 143/1000 Loss: -1903.044107 RMSE train: 0.014710 RMSE valid: 0.081790 best RMSE valid/CO: 0.015292
LBFGS step 144/1000 Loss: -1903.235318 RMSE train: 0.014707 RMSE valid: 0.081310 best RMSE valid/CO: 0.015292
LBFGS step 145/1000 Loss: -1903.301855 RMSE train: 0.014707 RMSE valid: 0.081096 best RMSE valid/CO: 0.015292
LBFGS step 146/1000 Loss: -1903.370048 RMSE train: 0.014741 RMSE valid: 0.079057 best RMSE valid/CO: 0.015292
LBFGS step 147/1000 Loss: -1903.920929 RMSE train: 0.014751 RMSE valid: 0.079169 best RMSE valid/CO: 0.015292
LBFGS step 148/1000 Loss: -1904.016584 RMSE train: 0.014747 RMSE valid: 0.078048 best RMSE valid/CO: 0.015292
LBFGS step 149/1000 Loss: -1904.431941 RMSE train: 0.014742 RMSE valid: 0.078281 best RMSE valid/CO: 0.015292
LBFGS step 150/1000 Loss: -1904.552477 RMSE train: 0.014704 RMSE valid: 0.077720 best RMSE valid/CO: 0.015292
LBFGS step 151/1000 Loss: -1905.009011 RMSE train: 0.014669 RMSE valid: 0.077919 best RMSE valid/CO: 0.015292
LBFGS step 152/1000 Loss: -1906.215637 RMSE train: 0.014654 RMSE valid: 0.077666 best RMSE valid/CO: 0.015292
LBFGS step 153/1000 Loss: -1906.314838 RMSE train: 0.014658 RMSE valid: 0.078234 best RMSE valid/CO: 0.015292
LBFGS step 154/1000 Loss: -1906.448679 RMSE train: 0.014652 RMSE valid: 0.078272 best RMSE valid/CO: 0.015292
LBFGS step 155/1000 Loss: -1906.606423 RMSE train: 0.014644 RMSE valid: 0.078228 best RMSE valid/CO: 0.015292
LBFGS step 156/1000 Loss: -1906.733365 RMSE train: 0.014653 RMSE valid: 0.078248 best RMSE valid/CO: 0.015292
LBFGS step 157/1000 Loss: -1906.924985 RMSE train: 0.014651 RMSE valid: 0.078490 best RMSE valid/CO: 0.015292
LBFGS step 158/1000 Loss: -1906.980839 RMSE train: 0.014644 RMSE valid: 0.078560 best RMSE valid/CO: 0.015292
LBFGS step 159/1000 Loss: -1907.025722 RMSE train: 0.014634 RMSE valid: 0.078545 best RMSE valid/CO: 0.015292
LBFGS step 160/1000 Loss: -1907.090853 RMSE train: 0.014627 RMSE valid: 0.078772 best RMSE valid/CO: 0.015292
LBFGS step 161/1000 Loss: -1907.204356 RMSE train: 0.014608 RMSE valid: 0.079332 best RMSE valid/CO: 0.015292
LBFGS step 162/1000 Loss: -1907.362176 RMSE train: 0.014606 RMSE valid: 0.079048 best RMSE valid/CO: 0.015292
LBFGS step 163/1000 Loss: -1907.658277 RMSE train: 0.014601 RMSE valid: 0.079392 best RMSE valid/CO: 0.015292
LBFGS step 164/1000 Loss: -1907.744275 RMSE train: 0.014603 RMSE valid: 0.079325 best RMSE valid/CO: 0.015292
LBFGS step 165/1000 Loss: -1907.811238 RMSE train: 0.014591 RMSE valid: 0.079593 best RMSE valid/CO: 0.015292
LBFGS step 166/1000 Loss: -1908.090752 RMSE train: 0.014593 RMSE valid: 0.078812 best RMSE valid/CO: 0.015292
LBFGS step 167/1000 Loss: -1908.386378 RMSE train: 0.014597 RMSE valid: 0.078951 best RMSE valid/CO: 0.015292
LBFGS step 168/1000 Loss: -1908.433674 RMSE train: 0.014598 RMSE valid: 0.078766 best RMSE valid/CO: 0.015292
LBFGS step 169/1000 Loss: -1908.493430 RMSE train: 0.014592 RMSE valid: 0.078786 best RMSE valid/CO: 0.015292
LBFGS step 170/1000 Loss: -1908.553276 RMSE train: 0.014600 RMSE valid: 0.078524 best RMSE valid/CO: 0.015292
LBFGS step 171/1000 Loss: -1908.627325 RMSE train: 0.014594 RMSE valid: 0.078122 best RMSE valid/CO: 0.015292
LBFGS step 172/1000 Loss: -1908.751221 RMSE train: 0.014592 RMSE valid: 0.077812 best RMSE valid/CO: 0.015292
LBFGS step 173/1000 Loss: -1908.854982 RMSE train: 0.014593 RMSE valid: 0.077624 best RMSE valid/CO: 0.015292
LBFGS step 174/1000 Loss: -1908.965587 RMSE train: 0.014576 RMSE valid: 0.077212 best RMSE valid/CO: 0.015292
LBFGS step 175/1000 Loss: -1909.053600 RMSE train: 0.014549 RMSE valid: 0.077830 best RMSE valid/CO: 0.015292
LBFGS step 176/1000 Loss: -1909.394034 RMSE train: 0.014542 RMSE valid: 0.077336 best RMSE valid/CO: 0.015292
LBFGS step 177/1000 Loss: -1909.456825 RMSE train: 0.014543 RMSE valid: 0.077525 best RMSE valid/CO: 0.015292
LBFGS step 178/1000 Loss: -1909.508379 RMSE train: 0.014549 RMSE valid: 0.077311 best RMSE valid/CO: 0.015292
LBFGS step 179/1000 Loss: -1909.541089 RMSE train: 0.014551 RMSE valid: 0.077333 best RMSE valid/CO: 0.015292
LBFGS step 180/1000 Loss: -1909.549058 RMSE train: 0.014558 RMSE valid: 0.076941 best RMSE valid/CO: 0.015292
LBFGS step 181/1000 Loss: -1909.663846 RMSE train: 0.014561 RMSE valid: 0.076645 best RMSE valid/CO: 0.015292
LBFGS step 182/1000 Loss: -1909.718655 RMSE train: 0.014548 RMSE valid: 0.076377 best RMSE valid/CO: 0.015292
LBFGS step 183/1000 Loss: -1909.811090 RMSE train: 0.014556 RMSE valid: 0.076036 best RMSE valid/CO: 0.015292
LBFGS step 184/1000 Loss: -1909.992930 RMSE train: 0.014551 RMSE valid: 0.075950 best RMSE valid/CO: 0.015292
LBFGS step 185/1000 Loss: -1910.086672 RMSE train: 0.014463 RMSE valid: 0.074213 best RMSE valid/CO: 0.015292
LBFGS step 186/1000 Loss: -1910.856102 RMSE train: 0.014451 RMSE valid: 0.074012 best RMSE valid/CO: 0.015292
LBFGS step 187/1000 Loss: -1911.153028 RMSE train: 0.014467 RMSE valid: 0.074173 best RMSE valid/CO: 0.015292
LBFGS step 188/1000 Loss: -1911.338879 RMSE train: 0.014481 RMSE valid: 0.073554 best RMSE valid/CO: 0.015292
LBFGS step 189/1000 Loss: -1911.630567 RMSE train: 0.014497 RMSE valid: 0.073301 best RMSE valid/CO: 0.015292
LBFGS step 190/1000 Loss: -1911.689564 RMSE train: 0.014525 RMSE valid: 0.073016 best RMSE valid/CO: 0.015292
LBFGS step 191/1000 Loss: -1911.891228 RMSE train: 0.014554 RMSE valid: 0.072446 best RMSE valid/CO: 0.015292
LBFGS step 192/1000 Loss: -1912.047764 RMSE train: 0.014603 RMSE valid: 0.071831 best RMSE valid/CO: 0.015292
LBFGS step 193/1000 Loss: -1912.296769 RMSE train: 0.014658 RMSE valid: 0.071587 best RMSE valid/CO: 0.015292
LBFGS step 194/1000 Loss: -1912.928725 RMSE train: 0.014721 RMSE valid: 0.071585 best RMSE valid/CO: 0.015292
LBFGS step 195/1000 Loss: -1913.388744 RMSE train: 0.014737 RMSE valid: 0.071336 best RMSE valid/CO: 0.015292
LBFGS step 196/1000 Loss: -1914.493175 RMSE train: 0.014745 RMSE valid: 0.071069 best RMSE valid/CO: 0.015292
LBFGS step 197/1000 Loss: -1914.916350 RMSE train: 0.014743 RMSE valid: 0.071323 best RMSE valid/CO: 0.015292
LBFGS step 198/1000 Loss: -1915.007184 RMSE train: 0.014705 RMSE valid: 0.070974 best RMSE valid/CO: 0.015292
LBFGS step 199/1000 Loss: -1915.241825 RMSE train: 0.014699 RMSE valid: 0.071338 best RMSE valid/CO: 0.015292
LBFGS step 200/1000 Loss: -1915.357865 RMSE train: 0.014659 RMSE valid: 0.071352 best RMSE valid/CO: 0.015292
LBFGS step 201/1000 Loss: -1915.516625 RMSE train: 0.014633 RMSE valid: 0.071470 best RMSE valid/CO: 0.015292
LBFGS step 202/1000 Loss: -1915.640180 RMSE train: 0.014607 RMSE valid: 0.071608 best RMSE valid/CO: 0.015292
LBFGS step 203/1000 Loss: -1915.768222 RMSE train: 0.014578 RMSE valid: 0.071851 best RMSE valid/CO: 0.015292
LBFGS step 204/1000 Loss: -1915.874682 RMSE train: 0.014554 RMSE valid: 0.072011 best RMSE valid/CO: 0.015292
LBFGS step 205/1000 Loss: -1916.062571 RMSE train: 0.014544 RMSE valid: 0.072561 best RMSE valid/CO: 0.015292
LBFGS step 206/1000 Loss: -1916.240597 RMSE train: 0.014573 RMSE valid: 0.072010 best RMSE valid/CO: 0.015292
LBFGS step 207/1000 Loss: -1916.468272 RMSE train: 0.014588 RMSE valid: 0.072445 best RMSE valid/CO: 0.015292
LBFGS step 208/1000 Loss: -1916.564657 RMSE train: 0.014593 RMSE valid: 0.072260 best RMSE valid/CO: 0.015292
LBFGS step 209/1000 Loss: -1916.607974 RMSE train: 0.014561 RMSE valid: 0.072240 best RMSE valid/CO: 0.015292
LBFGS step 210/1000 Loss: -1916.729593 RMSE train: 0.014566 RMSE valid: 0.072475 best RMSE valid/CO: 0.015292
LBFGS step 211/1000 Loss: -1916.761835 RMSE train: 0.014567 RMSE valid: 0.072182 best RMSE valid/CO: 0.015292
LBFGS step 212/1000 Loss: -1916.857177 RMSE train: 0.014586 RMSE valid: 0.071896 best RMSE valid/CO: 0.015292
LBFGS step 213/1000 Loss: -1916.935467 RMSE train: 0.014609 RMSE valid: 0.071981 best RMSE valid/CO: 0.015292
LBFGS step 214/1000 Loss: -1917.060955 RMSE train: 0.014660 RMSE valid: 0.070947 best RMSE valid/CO: 0.015292
LBFGS step 215/1000 Loss: -1917.672412 RMSE train: 0.014672 RMSE valid: 0.071348 best RMSE valid/CO: 0.015292
LBFGS step 216/1000 Loss: -1917.797701 RMSE train: 0.014627 RMSE valid: 0.071270 best RMSE valid/CO: 0.015292
LBFGS step 217/1000 Loss: -1918.270185 RMSE train: 0.014633 RMSE valid: 0.071263 best RMSE valid/CO: 0.015292
LBFGS step 218/1000 Loss: -1918.371583 RMSE train: 0.014640 RMSE valid: 0.070832 best RMSE valid/CO: 0.015292
LBFGS step 219/1000 Loss: -1918.671004 RMSE train: 0.014657 RMSE valid: 0.070711 best RMSE valid/CO: 0.015292
LBFGS step 220/1000 Loss: -1918.838705 RMSE train: 0.014674 RMSE valid: 0.070793 best RMSE valid/CO: 0.015292
LBFGS step 221/1000 Loss: -1919.091880 RMSE train: 0.014703 RMSE valid: 0.070088 best RMSE valid/CO: 0.015292
LBFGS step 222/1000 Loss: -1919.258730 RMSE train: 0.014728 RMSE valid: 0.070568 best RMSE valid/CO: 0.015292
LBFGS step 223/1000 Loss: -1919.568320 RMSE train: 0.014712 RMSE valid: 0.070274 best RMSE valid/CO: 0.015292
LBFGS step 224/1000 Loss: -1919.637376 RMSE train: 0.014638 RMSE valid: 0.070768 best RMSE valid/CO: 0.015292
LBFGS step 225/1000 Loss: -1919.967561 RMSE train: 0.014615 RMSE valid: 0.070975 best RMSE valid/CO: 0.015292
LBFGS step 226/1000 Loss: -1920.075534 RMSE train: 0.014553 RMSE valid: 0.070991 best RMSE valid/CO: 0.015292
LBFGS step 227/1000 Loss: -1920.412025 RMSE train: 0.014538 RMSE valid: 0.071061 best RMSE valid/CO: 0.015292
LBFGS step 228/1000 Loss: -1920.442946 RMSE train: 0.014504 RMSE valid: 0.071003 best RMSE valid/CO: 0.015292
LBFGS step 229/1000 Loss: -1920.586910 RMSE train: 0.014490 RMSE valid: 0.071246 best RMSE valid/CO: 0.015292
LBFGS step 230/1000 Loss: -1920.635444 RMSE train: 0.014495 RMSE valid: 0.071469 best RMSE valid/CO: 0.015292
LBFGS step 231/1000 Loss: -1920.678042 RMSE train: 0.014519 RMSE valid: 0.071151 best RMSE valid/CO: 0.015292
LBFGS step 232/1000 Loss: -1920.792211 RMSE train: 0.014519 RMSE valid: 0.071039 best RMSE valid/CO: 0.015292
LBFGS step 233/1000 Loss: -1920.819513 RMSE train: 0.014581 RMSE valid: 0.071149 best RMSE valid/CO: 0.015292
LBFGS step 234/1000 Loss: -1921.121660 RMSE train: 0.014579 RMSE valid: 0.070321 best RMSE valid/CO: 0.015292
LBFGS step 235/1000 Loss: -1921.233337 RMSE train: 0.014566 RMSE valid: 0.070663 best RMSE valid/CO: 0.015292
LBFGS step 236/1000 Loss: -1921.549052 RMSE train: 0.014539 RMSE valid: 0.069783 best RMSE valid/CO: 0.015292
LBFGS step 237/1000 Loss: -1921.781670 RMSE train: 0.014543 RMSE valid: 0.069398 best RMSE valid/CO: 0.015292
LBFGS step 238/1000 Loss: -1921.884466 RMSE train: 0.014555 RMSE valid: 0.069400 best RMSE valid/CO: 0.015292
LBFGS step 239/1000 Loss: -1922.054409 RMSE train: 0.014552 RMSE valid: 0.069559 best RMSE valid/CO: 0.015292
LBFGS step 240/1000 Loss: -1922.071152 RMSE train: 0.014543 RMSE valid: 0.069546 best RMSE valid/CO: 0.015292
LBFGS step 241/1000 Loss: -1922.112497 RMSE train: 0.014534 RMSE valid: 0.069691 best RMSE valid/CO: 0.015292
LBFGS step 242/1000 Loss: -1922.155864 RMSE train: 0.014524 RMSE valid: 0.069407 best RMSE valid/CO: 0.015292
LBFGS step 243/1000 Loss: -1922.211323 RMSE train: 0.014502 RMSE valid: 0.069385 best RMSE valid/CO: 0.015292
LBFGS step 244/1000 Loss: -1922.342441 RMSE train: 0.014508 RMSE valid: 0.069612 best RMSE valid/CO: 0.015292
LBFGS step 245/1000 Loss: -1922.393963 RMSE train: 0.014505 RMSE valid: 0.069524 best RMSE valid/CO: 0.015292
LBFGS step 246/1000 Loss: -1922.451067 RMSE train: 0.014504 RMSE valid: 0.069481 best RMSE valid/CO: 0.015292
LBFGS step 247/1000 Loss: -1922.469168 RMSE train: 0.014515 RMSE valid: 0.069669 best RMSE valid/CO: 0.015292
LBFGS step 248/1000 Loss: -1922.518037 RMSE train: 0.014514 RMSE valid: 0.069611 best RMSE valid/CO: 0.015292
LBFGS step 249/1000 Loss: -1922.574399 RMSE train: 0.014540 RMSE valid: 0.069758 best RMSE valid/CO: 0.015292
LBFGS step 250/1000 Loss: -1922.712739 RMSE train: 0.014541 RMSE valid: 0.069657 best RMSE valid/CO: 0.015292
LBFGS step 251/1000 Loss: -1922.752635 RMSE train: 0.014543 RMSE valid: 0.069464 best RMSE valid/CO: 0.015292
LBFGS step 252/1000 Loss: -1922.857772 RMSE train: 0.014535 RMSE valid: 0.069415 best RMSE valid/CO: 0.015292
LBFGS step 253/1000 Loss: -1923.015049 RMSE train: 0.014528 RMSE valid: 0.068857 best RMSE valid/CO: 0.015292
LBFGS step 254/1000 Loss: -1923.096870 RMSE train: 0.014529 RMSE valid: 0.068797 best RMSE valid/CO: 0.015292
LBFGS step 255/1000 Loss: -1923.111764 RMSE train: 0.014525 RMSE valid: 0.068938 best RMSE valid/CO: 0.015292
LBFGS step 256/1000 Loss: -1923.130517 RMSE train: 0.014525 RMSE valid: 0.068876 best RMSE valid/CO: 0.015292
LBFGS step 257/1000 Loss: -1923.143791 RMSE train: 0.014516 RMSE valid: 0.068455 best RMSE valid/CO: 0.015292
LBFGS step 258/1000 Loss: -1923.242107 RMSE train: 0.014503 RMSE valid: 0.068284 best RMSE valid/CO: 0.015292
LBFGS step 259/1000 Loss: -1923.303580 RMSE train: 0.014504 RMSE valid: 0.068472 best RMSE valid/CO: 0.015292
LBFGS step 260/1000 Loss: -1923.373878 RMSE train: 0.014499 RMSE valid: 0.068529 best RMSE valid/CO: 0.015292
LBFGS step 261/1000 Loss: -1923.459015 RMSE train: 0.014523 RMSE valid: 0.068165 best RMSE valid/CO: 0.015292
LBFGS step 262/1000 Loss: -1923.662927 RMSE train: 0.014530 RMSE valid: 0.068383 best RMSE valid/CO: 0.015292
LBFGS step 263/1000 Loss: -1923.757371 RMSE train: 0.014520 RMSE valid: 0.068429 best RMSE valid/CO: 0.015292
LBFGS step 264/1000 Loss: -1923.866525 RMSE train: 0.014519 RMSE valid: 0.068324 best RMSE valid/CO: 0.015292
LBFGS step 265/1000 Loss: -1923.995989 RMSE train: 0.014522 RMSE valid: 0.068281 best RMSE valid/CO: 0.015292
LBFGS step 266/1000 Loss: -1924.079491 RMSE train: 0.014535 RMSE valid: 0.068760 best RMSE valid/CO: 0.015292
LBFGS step 267/1000 Loss: -1924.220080 RMSE train: 0.014516 RMSE valid: 0.068419 best RMSE valid/CO: 0.015292
LBFGS step 268/1000 Loss: -1924.386654 RMSE train: 0.014510 RMSE valid: 0.068392 best RMSE valid/CO: 0.015292
LBFGS step 269/1000 Loss: -1924.995079 RMSE train: 0.014468 RMSE valid: 0.068341 best RMSE valid/CO: 0.015292
LBFGS step 270/1000 Loss: -1925.285810 RMSE train: 0.014390 RMSE valid: 0.067755 best RMSE valid/CO: 0.015292
LBFGS step 271/1000 Loss: -1926.289916 RMSE train: 0.014376 RMSE valid: 0.067630 best RMSE valid/CO: 0.015292
LBFGS step 272/1000 Loss: -1926.831979 RMSE train: 0.014379 RMSE valid: 0.067006 best RMSE valid/CO: 0.015292
LBFGS step 273/1000 Loss: -1927.077015 RMSE train: 0.014388 RMSE valid: 0.067024 best RMSE valid/CO: 0.015292
LBFGS step 274/1000 Loss: -1927.490707 RMSE train: 0.014394 RMSE valid: 0.066925 best RMSE valid/CO: 0.015292
LBFGS step 275/1000 Loss: -1927.568106 RMSE train: 0.014419 RMSE valid: 0.066358 best RMSE valid/CO: 0.015292
LBFGS step 276/1000 Loss: -1927.776591 RMSE train: 0.014490 RMSE valid: 0.066639 best RMSE valid/CO: 0.015292
LBFGS step 277/1000 Loss: -1928.145420 RMSE train: 0.014507 RMSE valid: 0.066092 best RMSE valid/CO: 0.015292
LBFGS step 278/1000 Loss: -1928.344520 RMSE train: 0.014545 RMSE valid: 0.066146 best RMSE valid/CO: 0.015292
LBFGS step 279/1000 Loss: -1928.759835 RMSE train: 0.014524 RMSE valid: 0.065921 best RMSE valid/CO: 0.015292
LBFGS step 280/1000 Loss: -1928.953234 RMSE train: 0.014526 RMSE valid: 0.066249 best RMSE valid/CO: 0.015292
LBFGS step 281/1000 Loss: -1929.071820 RMSE train: 0.014500 RMSE valid: 0.065883 best RMSE valid/CO: 0.015292
LBFGS step 282/1000 Loss: -1929.246300 RMSE train: 0.014492 RMSE valid: 0.066024 best RMSE valid/CO: 0.015292
LBFGS step 283/1000 Loss: -1929.321811 RMSE train: 0.014472 RMSE valid: 0.065574 best RMSE valid/CO: 0.015292
LBFGS step 284/1000 Loss: -1929.466592 RMSE train: 0.014422 RMSE valid: 0.065505 best RMSE valid/CO: 0.015292
LBFGS step 285/1000 Loss: -1929.642078 RMSE train: 0.014421 RMSE valid: 0.065416 best RMSE valid/CO: 0.015292
LBFGS step 286/1000 Loss: -1929.744189 RMSE train: 0.014401 RMSE valid: 0.065102 best RMSE valid/CO: 0.015292
LBFGS step 287/1000 Loss: -1929.933383 RMSE train: 0.014411 RMSE valid: 0.065147 best RMSE valid/CO: 0.015292
LBFGS step 288/1000 Loss: -1929.975308 RMSE train: 0.014418 RMSE valid: 0.065180 best RMSE valid/CO: 0.015292
LBFGS step 289/1000 Loss: -1930.007498 RMSE train: 0.014426 RMSE valid: 0.065464 best RMSE valid/CO: 0.015292
LBFGS step 290/1000 Loss: -1930.021476 RMSE train: 0.014433 RMSE valid: 0.065467 best RMSE valid/CO: 0.015292
LBFGS step 291/1000 Loss: -1930.037693 RMSE train: 0.014434 RMSE valid: 0.065498 best RMSE valid/CO: 0.015292
LBFGS step 292/1000 Loss: -1930.052529 RMSE train: 0.014403 RMSE valid: 0.065927 best RMSE valid/CO: 0.015292
LBFGS step 293/1000 Loss: -1930.269901 RMSE train: 0.014391 RMSE valid: 0.065724 best RMSE valid/CO: 0.015292
LBFGS step 294/1000 Loss: -1930.344475 RMSE train: 0.014379 RMSE valid: 0.065581 best RMSE valid/CO: 0.015292
LBFGS step 295/1000 Loss: -1930.441219 RMSE train: 0.014375 RMSE valid: 0.065653 best RMSE valid/CO: 0.015292
LBFGS step 296/1000 Loss: -1930.477786 RMSE train: 0.014368 RMSE valid: 0.065261 best RMSE valid/CO: 0.015292
LBFGS step 297/1000 Loss: -1930.541049 RMSE train: 0.014368 RMSE valid: 0.065396 best RMSE valid/CO: 0.015292
LBFGS step 298/1000 Loss: -1930.601754 RMSE train: 0.014381 RMSE valid: 0.065236 best RMSE valid/CO: 0.015292
LBFGS step 299/1000 Loss: -1930.685061 RMSE train: 0.014388 RMSE valid: 0.065214 best RMSE valid/CO: 0.015292
LBFGS step 300/1000 Loss: -1930.767177 RMSE train: 0.014406 RMSE valid: 0.065838 best RMSE valid/CO: 0.015292
LBFGS step 301/1000 Loss: -1930.830733 RMSE train: 0.014454 RMSE valid: 0.065176 best RMSE valid/CO: 0.015292
LBFGS step 302/1000 Loss: -1931.090930 RMSE train: 0.014443 RMSE valid: 0.065100 best RMSE valid/CO: 0.015292
LBFGS step 303/1000 Loss: -1931.137728 RMSE train: 0.014458 RMSE valid: 0.065086 best RMSE valid/CO: 0.015292
LBFGS step 304/1000 Loss: -1931.190649 RMSE train: 0.014453 RMSE valid: 0.065059 best RMSE valid/CO: 0.015292
LBFGS step 305/1000 Loss: -1931.216151 RMSE train: 0.014436 RMSE valid: 0.064553 best RMSE valid/CO: 0.015292
LBFGS step 306/1000 Loss: -1931.318829 RMSE train: 0.014434 RMSE valid: 0.064617 best RMSE valid/CO: 0.015292
LBFGS step 307/1000 Loss: -1931.325208 RMSE train: 0.014442 RMSE valid: 0.064727 best RMSE valid/CO: 0.015292
LBFGS step 308/1000 Loss: -1931.348973 RMSE train: 0.014444 RMSE valid: 0.064714 best RMSE valid/CO: 0.015292
LBFGS step 309/1000 Loss: -1931.364466 RMSE train: 0.014447 RMSE valid: 0.064682 best RMSE valid/CO: 0.015292
LBFGS step 310/1000 Loss: -1931.437408 RMSE train: 0.014437 RMSE valid: 0.064131 best RMSE valid/CO: 0.015292
LBFGS step 311/1000 Loss: -1931.592322 RMSE train: 0.014414 RMSE valid: 0.063353 best RMSE valid/CO: 0.015292
LBFGS step 312/1000 Loss: -1931.746604 RMSE train: 0.014406 RMSE valid: 0.063298 best RMSE valid/CO: 0.015292
LBFGS step 313/1000 Loss: -1931.854358 RMSE train: 0.014388 RMSE valid: 0.062382 best RMSE valid/CO: 0.015292
LBFGS step 314/1000 Loss: -1931.976668 RMSE train: 0.014386 RMSE valid: 0.062043 best RMSE valid/CO: 0.015292
LBFGS step 315/1000 Loss: -1932.053429 RMSE train: 0.014376 RMSE valid: 0.062741 best RMSE valid/CO: 0.015292
LBFGS step 316/1000 Loss: -1932.502124 RMSE train: 0.014372 RMSE valid: 0.062263 best RMSE valid/CO: 0.015292
LBFGS step 317/1000 Loss: -1932.659040 RMSE train: 0.014429 RMSE valid: 0.062744 best RMSE valid/CO: 0.015292
LBFGS step 318/1000 Loss: -1933.195946 RMSE train: 0.014413 RMSE valid: 0.062814 best RMSE valid/CO: 0.015292
LBFGS step 319/1000 Loss: -1933.454198 RMSE train: 0.014456 RMSE valid: 0.062927 best RMSE valid/CO: 0.015292
LBFGS step 320/1000 Loss: -1933.960670 RMSE train: 0.014457 RMSE valid: 0.062449 best RMSE valid/CO: 0.015292
LBFGS step 321/1000 Loss: -1934.238182 RMSE train: 0.014408 RMSE valid: 0.061857 best RMSE valid/CO: 0.015292
LBFGS step 322/1000 Loss: -1934.769836 RMSE train: 0.014378 RMSE valid: 0.061703 best RMSE valid/CO: 0.015292
LBFGS step 323/1000 Loss: -1935.018034 RMSE train: 0.014366 RMSE valid: 0.061956 best RMSE valid/CO: 0.015292
LBFGS step 324/1000 Loss: -1935.251855 RMSE train: 0.014332 RMSE valid: 0.061659 best RMSE valid/CO: 0.015292
LBFGS step 325/1000 Loss: -1935.438879 RMSE train: 0.014317 RMSE valid: 0.061427 best RMSE valid/CO: 0.015292
LBFGS step 326/1000 Loss: -1935.509466 RMSE train: 0.014318 RMSE valid: 0.061913 best RMSE valid/CO: 0.015292
LBFGS step 327/1000 Loss: -1935.937712 RMSE train: 0.014316 RMSE valid: 0.061560 best RMSE valid/CO: 0.015292
LBFGS step 328/1000 Loss: -1936.016663 RMSE train: 0.014308 RMSE valid: 0.061829 best RMSE valid/CO: 0.015292
LBFGS step 329/1000 Loss: -1936.225218 RMSE train: 0.014301 RMSE valid: 0.061793 best RMSE valid/CO: 0.015292
LBFGS step 330/1000 Loss: -1936.312003 RMSE train: 0.014311 RMSE valid: 0.061623 best RMSE valid/CO: 0.015292
LBFGS step 331/1000 Loss: -1936.475640 RMSE train: 0.014314 RMSE valid: 0.061280 best RMSE valid/CO: 0.015292
LBFGS step 332/1000 Loss: -1936.636491 RMSE train: 0.014332 RMSE valid: 0.061496 best RMSE valid/CO: 0.015292
LBFGS step 333/1000 Loss: -1936.727160 RMSE train: 0.014329 RMSE valid: 0.061269 best RMSE valid/CO: 0.015292
LBFGS step 334/1000 Loss: -1936.831012 RMSE train: 0.014333 RMSE valid: 0.061047 best RMSE valid/CO: 0.015292
LBFGS step 335/1000 Loss: -1936.852799 RMSE train: 0.014342 RMSE valid: 0.061158 best RMSE valid/CO: 0.015292
LBFGS step 336/1000 Loss: -1936.871276 RMSE train: 0.014351 RMSE valid: 0.060987 best RMSE valid/CO: 0.015292
LBFGS step 337/1000 Loss: -1936.888710 RMSE train: 0.014365 RMSE valid: 0.060936 best RMSE valid/CO: 0.015292
LBFGS step 338/1000 Loss: -1936.915010 RMSE train: 0.014371 RMSE valid: 0.061124 best RMSE valid/CO: 0.015292
LBFGS step 339/1000 Loss: -1936.966575 RMSE train: 0.014367 RMSE valid: 0.061096 best RMSE valid/CO: 0.015292
LBFGS step 340/1000 Loss: -1936.975798 RMSE train: 0.014362 RMSE valid: 0.061247 best RMSE valid/CO: 0.015292
LBFGS step 341/1000 Loss: -1936.986476 RMSE train: 0.014357 RMSE valid: 0.061198 best RMSE valid/CO: 0.015292
LBFGS step 342/1000 Loss: -1936.989861 RMSE train: 0.014352 RMSE valid: 0.060994 best RMSE valid/CO: 0.015292
LBFGS step 343/1000 Loss: -1937.025183 RMSE train: 0.014341 RMSE valid: 0.061190 best RMSE valid/CO: 0.015292
LBFGS step 344/1000 Loss: -1937.043303 RMSE train: 0.014326 RMSE valid: 0.061216 best RMSE valid/CO: 0.015292
LBFGS step 345/1000 Loss: -1937.067657 RMSE train: 0.014308 RMSE valid: 0.060962 best RMSE valid/CO: 0.015292
LBFGS step 346/1000 Loss: -1937.092147 RMSE train: 0.014283 RMSE valid: 0.060811 best RMSE valid/CO: 0.015292
LBFGS step 347/1000 Loss: -1937.151810 RMSE train: 0.014267 RMSE valid: 0.060519 best RMSE valid/CO: 0.015292
LBFGS step 348/1000 Loss: -1937.187623 RMSE train: 0.014267 RMSE valid: 0.060444 best RMSE valid/CO: 0.015292
LBFGS step 349/1000 Loss: -1937.199498 RMSE train: 0.014283 RMSE valid: 0.060463 best RMSE valid/CO: 0.015292
LBFGS step 350/1000 Loss: -1937.219727 RMSE train: 0.014313 RMSE valid: 0.060240 best RMSE valid/CO: 0.015292
LBFGS step 351/1000 Loss: -1937.273202 RMSE train: 0.014337 RMSE valid: 0.060497 best RMSE valid/CO: 0.015292
LBFGS step 352/1000 Loss: -1937.296092 RMSE train: 0.014340 RMSE valid: 0.060639 best RMSE valid/CO: 0.015292
LBFGS step 353/1000 Loss: -1937.353396 RMSE train: 0.014353 RMSE valid: 0.060901 best RMSE valid/CO: 0.015292
LBFGS step 354/1000 Loss: -1937.380756 RMSE train: 0.014354 RMSE valid: 0.060969 best RMSE valid/CO: 0.015292
LBFGS step 355/1000 Loss: -1937.389975 RMSE train: 0.014341 RMSE valid: 0.060919 best RMSE valid/CO: 0.015292
LBFGS step 356/1000 Loss: -1937.427864 RMSE train: 0.014334 RMSE valid: 0.060996 best RMSE valid/CO: 0.015292
LBFGS step 357/1000 Loss: -1937.441577 RMSE train: 0.014328 RMSE valid: 0.061031 best RMSE valid/CO: 0.015292
LBFGS step 358/1000 Loss: -1937.453432 RMSE train: 0.014320 RMSE valid: 0.060756 best RMSE valid/CO: 0.015292
LBFGS step 359/1000 Loss: -1937.473348 RMSE train: 0.014320 RMSE valid: 0.060889 best RMSE valid/CO: 0.015292
LBFGS step 360/1000 Loss: -1937.483235 RMSE train: 0.014323 RMSE valid: 0.060833 best RMSE valid/CO: 0.015292
LBFGS step 361/1000 Loss: -1937.489590 RMSE train: 0.014332 RMSE valid: 0.060908 best RMSE valid/CO: 0.015292
LBFGS step 362/1000 Loss: -1937.500500 RMSE train: 0.014340 RMSE valid: 0.060947 best RMSE valid/CO: 0.015292
LBFGS step 363/1000 Loss: -1937.507835 RMSE train: 0.014349 RMSE valid: 0.060970 best RMSE valid/CO: 0.015292
Loss dropped by only 0.482652 (< loss_tol=0.5) over the last 20 steps, stopping (best RMSE valid=0.015292 at step 58).
Fold 5: best RMSE valid = 0.015292 (no test set given)

KFold summary (LBFGS): RMSE valid = 0.016548 +/- 0.004699

Best fold: 4 (RMSE valid=0.013337) -> models\ads\model_fold_4.pt
Reloaded best checkpoint from models\ads\model_fold_4.pt
Copied best checkpoint -> models\ads\model_best.pt
Final metrics: {'rmse_train': 0.024005226344437056, 'rmse_valid': 0.043417581702811736, 'mae_train': 0.014985695850394332, 'mae_valid': 0.026112516427612607}
Per-CO metrics: RMSE train/CO=0.011546 RMSE valid/CO=0.013337
